underlying_symbol,spot_price,strike_price,expiry_date_str,option_type,ltp,bid,ask,volume,open_interest,iv,delta,gamma,theta,vega,collected_at,expiry_date,evaluation_date,time_to_maturity,risk_free_rate,dividend_yield,mid_price
TCS,2095.9,1680.0,30-06-2026,CALL,0.0,397.3,423.5,0,0,0.0,0.0,0.0,0.0,0.0,2026-06-25T22:13:49,2026-06-30,2026-06-25 22:13:50.005036,0.010958904109589041,0.07,0.02,410.4
TCS,2095.9,1680.0,30-06-2026,PUT,0.0,0.0,1.1,0,0,0.0,0.0,0.0,0.0,0.0,2026-06-25T22:13:49,2026-06-30,2026-06-25 22:13:50.005036,0.010958904109589041,0.07,0.02,0.55
TCS,2095.9,1720.0,30-06-2026,CALL,0.0,357.55,385.65,0,0,0.0,0.0,0.0,0.0,0.0,2026-06-25T22:13:49,2026-06-30,2026-06-25 22:13:50.005036,0.010958904109589041,0.07,0.02,371.6
TCS,2095.9,1720.0,30-06-2026,PUT,0.15,0.0,0.8,1,0,0.6306,0.0,0.0,0.0,0.0,2026-06-25T22:13:49,2026-06-30,2026-06-25 22:13:50.005036,0.010958904109589041,0.07,0.02,0.4
TCS,2095.9,1760.0,30-06-2026,CALL,305.25,317.4,338.75,0,1,0.6870999999999999,0.0,0.0,0.0,0.0,2026-06-25T22:13:49,2026-06-30,2026-06-25 22:13:50.005036,0.010958904109589041,0.07,0.02,328.075
TCS,2095.9,1760.0,30-06-2026,PUT,0.35,0.1,0.4,2,37,0.62,0.0,0.0,0.0,0.0,2026-06-25T22:13:49,2026-06-30,2026-06-25 22:13:50.005036,0.010958904109589041,0.07,0.02,0.25
TCS,2095.9,1780.0,30-06-2026,CALL,0.0,297.6,320.65,0,0,0.0,0.0,0.0,0.0,0.0,2026-06-25T22:13:49,2026-06-30,2026-06-25 22:13:50.005036,0.010958904109589041,0.07,0.02,309.125
TCS,2095.9,1780.0,30-06-2026,PUT,0.0,0.1,0.85,0,0,0.0,0.0,0.0,0.0,0.0,2026-06-25T22:13:49,2026-06-30,2026-06-25 22:13:50.005036,0.010958904109589041,0.07,0.02,0.475
TCS,2095.9,1800.0,30-06-2026,CALL,324.7,277.75,299.1,0,4,0.0,0.0,0.0,0.0,0.0,2026-06-25T22:13:49,2026-06-30,2026-06-25 22:13:50.005036,0.010958904109589041,0.07,0.02,288.425
TCS,2095.9,1800.0,30-06-2026,PUT,0.35,0.3,0.5,394,404,0.5490999999999999,0.0,0.0,0.0,0.0,2026-06-25T22:13:49,2026-06-30,2026-06-25 22:13:50.005036,0.010958904109589041,0.07,0.02,0.4
TCS,2095.9,1820.0,30-06-2026,CALL,0.0,257.65,279.25,0,0,0.0,0.0,0.0,0.0,0.0,2026-06-25T22:13:49,2026-06-30,2026-06-25 22:13:50.005036,0.010958904109589041,0.07,0.02,268.45
TCS,2095.9,1820.0,30-06-2026,PUT,0.25,0.15,0.95,0,2,0.5097,0.0,0.0,0.0,0.0,2026-06-25T22:13:49,2026-06-30,2026-06-25 22:13:50.005036,0.010958904109589041,0.07,0.02,0.5499999999999999
TCS,2095.9,1840.0,30-06-2026,CALL,0.0,237.9,259.2,0,0,0.0,0.0,0.0,0.0,0.0,2026-06-25T22:13:49,2026-06-30,2026-06-25 22:13:50.005036,0.010958904109589041,0.07,0.02,248.55
TCS,2095.9,1840.0,30-06-2026,PUT,0.45,0.4,0.45,111,311,0.4946,0.0,0.0,0.0,0.0,2026-06-25T22:13:49,2026-06-30,2026-06-25 22:13:50.005036,0.010958904109589041,0.07,0.02,0.42500000000000004
TCS,2095.9,1860.0,30-06-2026,CALL,0.0,218.0,239.25,0,0,0.0,0.0,0.0,0.0,0.0,2026-06-25T22:13:49,2026-06-30,2026-06-25 22:13:50.005036,0.010958904109589041,0.07,0.02,228.625
TCS,2095.9,1860.0,30-06-2026,PUT,0.3,0.3,1.3,1,29,0.43560000000000004,0.0,0.0,0.0,0.0,2026-06-25T22:13:49,2026-06-30,2026-06-25 22:13:50.005036,0.010958904109589041,0.07,0.02,0.8
TCS,2095.9,1880.0,30-06-2026,CALL,228.0,204.25,219.6,0,594,0.0,0.0,0.0,0.0,0.0,2026-06-25T22:13:49,2026-06-30,2026-06-25 22:13:50.005036,0.010958904109589041,0.07,0.02,211.925
TCS,2095.9,1880.0,30-06-2026,PUT,0.6,0.55,0.6,874,1285,0.44049999999999995,0.0,0.0,0.0,0.0,2026-06-25T22:13:49,2026-06-30,2026-06-25 22:13:50.005036,0.010958904109589041,0.07,0.02,0.575
TCS,2095.9,1900.0,30-06-2026,CALL,228.9,189.3,199.95,8,5,1.0718,0.0,0.0,0.0,0.0,2026-06-25T22:13:49,2026-06-30,2026-06-25 22:13:50.005036,0.010958904109589041,0.07,0.02,194.625
TCS,2095.9,1900.0,30-06-2026,PUT,0.85,0.7,0.85,1194,1078,0.4257,0.0,0.0,0.0,0.0,2026-06-25T22:13:49,2026-06-30,2026-06-25 22:13:50.005036,0.010958904109589041,0.07,0.02,0.7749999999999999
TCS,2095.9,1920.0,30-06-2026,CALL,176.75,171.55,179.4,3,74,0.0,0.0,0.0,0.0,0.0,2026-06-25T22:13:49,2026-06-30,2026-06-25 22:13:50.005036,0.010958904109589041,0.07,0.02,175.47500000000002
TCS,2095.9,1920.0,30-06-2026,PUT,0.85,1.0,1.1,1054,660,0.3874,0.0,0.0,0.0,0.0,2026-06-25T22:13:49,2026-06-30,2026-06-25 22:13:50.005036,0.010958904109589041,0.07,0.02,1.05
TCS,2095.9,1940.0,30-06-2026,CALL,0.0,138.85,160.25,0,0,0.0,0.0,0.0,0.0,0.0,2026-06-25T22:13:49,2026-06-30,2026-06-25 22:13:50.005036,0.010958904109589041,0.07,0.02,149.55
TCS,2095.9,1940.0,30-06-2026,PUT,1.55,1.4,1.5,661,421,0.3882,0.0,0.0,0.0,0.0,2026-06-25T22:13:49,2026-06-30,2026-06-25 22:13:50.005036,0.010958904109589041,0.07,0.02,1.45
TCS,2095.9,1960.0,30-06-2026,CALL,153.35,131.15,139.45,21,43,0.6384000000000001,0.0,0.0,0.0,0.0,2026-06-25T22:13:49,2026-06-30,2026-06-25 22:13:50.005036,0.010958904109589041,0.07,0.02,135.3
TCS,2095.9,1960.0,30-06-2026,PUT,1.75,1.7,1.8,2795,1096,0.3549,0.0,0.0,0.0,0.0,2026-06-25T22:13:49,2026-06-30,2026-06-25 22:13:50.005036,0.010958904109589041,0.07,0.02,1.75
TCS,2095.9,1980.0,30-06-2026,CALL,133.95,110.9,121.1,3,18,0.5856,0.0,0.0,0.0,0.0,2026-06-25T22:13:49,2026-06-30,2026-06-25 22:13:50.005036,0.010958904109589041,0.07,0.02,116.0
TCS,2095.9,1980.0,30-06-2026,PUT,2.2,1.7,2.0,3406,1366,0.32799999999999996,0.0,0.0,0.0,0.0,2026-06-25T22:13:49,2026-06-30,2026-06-25 22:13:50.005036,0.010958904109589041,0.07,0.02,1.85
TCS,2095.9,2000.0,30-06-2026,CALL,95.35,93.55,101.5,310,1030,0.0,0.0,0.0,0.0,0.0,2026-06-25T22:13:49,2026-06-30,2026-06-25 22:13:50.005036,0.010958904109589041,0.07,0.02,97.525
TCS,2095.9,2000.0,30-06-2026,PUT,2.9,2.75,2.9,20508,4985,0.3028,0.0,0.0,0.0,0.0,2026-06-25T22:13:49,2026-06-30,2026-06-25 22:13:50.005036,0.010958904109589041,0.07,0.02,2.825
TCS,2095.9,2020.0,30-06-2026,CALL,77.2,73.5,80.1,124,481,0.0,0.0,0.0,0.0,0.0,2026-06-25T22:13:49,2026-06-30,2026-06-25 22:13:50.005036,0.010958904109589041,0.07,0.02,76.8
TCS,2095.9,2020.0,30-06-2026,PUT,4.0,3.7,3.9,8672,994,0.2792,0.0,0.0,0.0,0.0,2026-06-25T22:13:49,2026-06-30,2026-06-25 22:13:50.005036,0.010958904109589041,0.07,0.02,3.8
TCS,2095.9,2040.0,30-06-2026,CALL,58.55,57.55,58.7,3758,3170,0.0,0.0,0.0,0.0,0.0,2026-06-25T22:13:49,2026-06-30,2026-06-25 22:13:50.005036,0.010958904109589041,0.07,0.02,58.125
TCS,2095.9,2040.0,30-06-2026,PUT,5.5,5.4,5.7,10248,3056,0.2529,0.0,0.0,0.0,0.0,2026-06-25T22:13:49,2026-06-30,2026-06-25 22:13:50.005036,0.010958904109589041,0.07,0.02,5.550000000000001
TCS,2095.9,2060.0,30-06-2026,CALL,42.5,42.3,43.0,1841,1789,0.1685,0.0,0.0,0.0,0.0,2026-06-25T22:13:49,2026-06-30,2026-06-25 22:13:50.005036,0.010958904109589041,0.07,0.02,42.65
TCS,2095.9,2060.0,30-06-2026,PUT,9.55,9.25,9.55,12419,5254,0.2489,0.0,0.0,0.0,0.0,2026-06-25T22:13:49,2026-06-30,2026-06-25 22:13:50.005036,0.010958904109589041,0.07,0.02,9.4
TCS,2095.9,2080.0,30-06-2026,CALL,29.0,28.7,29.2,6781,2396,0.1858,0.0,0.0,0.0,0.0,2026-06-25T22:13:49,2026-06-30,2026-06-25 22:13:50.005036,0.010958904109589041,0.07,0.02,28.95
TCS,2095.9,2080.0,30-06-2026,PUT,15.55,15.55,16.05,19584,3786,0.2438,0.0,0.0,0.0,0.0,2026-06-25T22:13:49,2026-06-30,2026-06-25 22:13:50.005036,0.010958904109589041,0.07,0.02,15.8
TCS,2095.9,2100.0,30-06-2026,CALL,19.0,18.95,19.0,18587,6587,0.2003,0.0,0.0,0.0,0.0,2026-06-25T22:13:49,2026-06-30,2026-06-25 22:13:50.005036,0.010958904109589041,0.07,0.02,18.975
TCS,2095.9,2100.0,30-06-2026,PUT,25.25,25.0,25.75,41126,6501,0.2516,0.0,0.0,0.0,0.0,2026-06-25T22:13:49,2026-06-30,2026-06-25 22:13:50.005036,0.010958904109589041,0.07,0.02,25.375
TCS,2095.9,2120.0,30-06-2026,CALL,12.4,12.2,12.45,21521,6438,0.217,0.0,0.0,0.0,0.0,2026-06-25T22:13:49,2026-06-30,2026-06-25 22:13:50.005036,0.010958904109589041,0.07,0.02,12.325
TCS,2095.9,2120.0,30-06-2026,PUT,37.85,37.85,39.05,20231,5433,0.2631,0.0,0.0,0.0,0.0,2026-06-25T22:13:49,2026-06-30,2026-06-25 22:13:50.005036,0.010958904109589041,0.07,0.02,38.45
TCS,2095.9,2140.0,30-06-2026,CALL,8.0,7.8,8.15,34999,3762,0.2322,0.0,0.0,0.0,0.0,2026-06-25T22:13:49,2026-06-30,2026-06-25 22:13:50.005036,0.010958904109589041,0.07,0.02,7.975
TCS,2095.9,2140.0,30-06-2026,PUT,54.2,53.85,55.0,12461,2059,0.2945,0.0,0.0,0.0,0.0,2026-06-25T22:13:49,2026-06-30,2026-06-25 22:13:50.005036,0.010958904109589041,0.07,0.02,54.425
TCS,2095.9,2160.0,30-06-2026,CALL,5.35,5.35,5.45,30212,4679,0.24989999999999998,0.0,0.0,0.0,0.0,2026-06-25T22:13:49,2026-06-30,2026-06-25 22:13:50.005036,0.010958904109589041,0.07,0.02,5.4
TCS,2095.9,2160.0,30-06-2026,PUT,71.15,68.75,72.7,4797,1935,0.3184,0.0,0.0,0.0,0.0,2026-06-25T22:13:49,2026-06-30,2026-06-25 22:13:50.005036,0.010958904109589041,0.07,0.02,70.725
TCS,2095.9,2180.0,30-06-2026,CALL,3.55,3.55,3.75,16839,4151,0.26530000000000004,0.0,0.0,0.0,0.0,2026-06-25T22:13:49,2026-06-30,2026-06-25 22:13:50.005036,0.010958904109589041,0.07,0.02,3.65
TCS,2095.9,2180.0,30-06-2026,PUT,88.4,88.25,91.65,1109,1873,0.33299999999999996,0.0,0.0,0.0,0.0,2026-06-25T22:13:49,2026-06-30,2026-06-25 22:13:50.005036,0.010958904109589041,0.07,0.02,89.95
TCS,2095.9,2200.0,30-06-2026,CALL,2.85,2.8,2.9,34956,12239,0.2928,0.0,0.0,0.0,0.0,2026-06-25T22:13:49,2026-06-30,2026-06-25 22:13:50.005036,0.010958904109589041,0.07,0.02,2.8499999999999996
TCS,2095.9,2200.0,30-06-2026,PUT,110.6,107.3,110.0,1870,3902,0.4201,0.0,0.0,0.0,0.0,2026-06-25T22:13:49,2026-06-30,2026-06-25 22:13:50.005036,0.010958904109589041,0.07,0.02,108.65
TCS,2095.9,2220.0,30-06-2026,CALL,1.95,1.95,2.1,15384,3615,0.3065,0.0,0.0,0.0,0.0,2026-06-25T22:13:49,2026-06-30,2026-06-25 22:13:50.005036,0.010958904109589041,0.07,0.02,2.025
TCS,2095.9,2220.0,30-06-2026,PUT,129.1,125.85,129.9,445,1443,0.445,0.0,0.0,0.0,0.0,2026-06-25T22:13:49,2026-06-30,2026-06-25 22:13:50.005036,0.010958904109589041,0.07,0.02,127.875
TCS,2095.9,2240.0,30-06-2026,CALL,1.65,1.55,1.65,11344,4688,0.3328,0.0,0.0,0.0,0.0,2026-06-25T22:13:49,2026-06-30,2026-06-25 22:13:50.005036,0.010958904109589041,0.07,0.02,1.6
TCS,2095.9,2240.0,30-06-2026,PUT,147.75,147.2,149.8,212,1431,0.46619999999999995,0.0,0.0,0.0,0.0,2026-06-25T22:13:49,2026-06-30,2026-06-25 22:13:50.005036,0.010958904109589041,0.07,0.02,148.5
TCS,2095.9,2260.0,30-06-2026,CALL,1.2,1.2,1.3,6652,5368,0.34740000000000004,0.0,0.0,0.0,0.0,2026-06-25T22:13:49,2026-06-30,2026-06-25 22:13:50.005036,0.010958904109589041,0.07,0.02,1.25
TCS,2095.9,2260.0,30-06-2026,PUT,167.55,166.6,170.95,264,1678,0.5065999999999999,0.0,0.0,0.0,0.0,2026-06-25T22:13:49,2026-06-30,2026-06-25 22:13:50.005036,0.010958904109589041,0.07,0.02,168.77499999999998
TCS,2095.9,2280.0,30-06-2026,CALL,0.9,0.9,1.0,3403,5296,0.3629,0.0,0.0,0.0,0.0,2026-06-25T22:13:49,2026-06-30,2026-06-25 22:13:50.005036,0.010958904109589041,0.07,0.02,0.95
TCS,2095.9,2280.0,30-06-2026,PUT,185.45,183.65,191.4,345,2541,0.4984,0.0,0.0,0.0,0.0,2026-06-25T22:13:49,2026-06-30,2026-06-25 22:13:50.005036,0.010958904109589041,0.07,0.02,187.525
TCS,2095.9,2300.0,30-06-2026,CALL,0.85,0.85,0.9,17025,19932,0.3909,0.0,0.0,0.0,0.0,2026-06-25T22:13:49,2026-06-30,2026-06-25 22:13:50.005036,0.010958904109589041,0.07,0.02,0.875
TCS,2095.9,2300.0,30-06-2026,PUT,208.2,205.05,211.05,467,6276,0.6065999999999999,0.0,0.0,0.0,0.0,2026-06-25T22:13:49,2026-06-30,2026-06-25 22:13:50.005036,0.010958904109589041,0.07,0.02,208.05
TCS,2095.9,2320.0,30-06-2026,CALL,0.65,0.65,0.75,1519,2685,0.405,0.0,0.0,0.0,0.0,2026-06-25T22:13:49,2026-06-30,2026-06-25 22:13:50.005036,0.010958904109589041,0.07,0.02,0.7
TCS,2095.9,2320.0,30-06-2026,PUT,222.9,224.6,231.35,132,1883,0.4864,0.0,0.0,0.0,0.0,2026-06-25T22:13:49,2026-06-30,2026-06-25 22:13:50.005036,0.010958904109589041,0.07,0.02,227.975
TCS,2095.9,2340.0,30-06-2026,CALL,0.6,0.55,0.6,1875,3328,0.4294,0.0,0.0,0.0,0.0,2026-06-25T22:13:49,2026-06-30,2026-06-25 22:13:50.005036,0.010958904109589041,0.07,0.02,0.575
TCS,2095.9,2340.0,30-06-2026,PUT,252.4,244.2,250.9,247,1496,0.7797,0.0,0.0,0.0,0.0,2026-06-25T22:13:49,2026-06-30,2026-06-25 22:13:50.005036,0.010958904109589041,0.07,0.02,247.55
TCS,2095.9,2360.0,30-06-2026,CALL,0.5,0.45,0.55,1329,2147,0.44659999999999994,0.0,0.0,0.0,0.0,2026-06-25T22:13:49,2026-06-30,2026-06-25 22:13:50.005036,0.010958904109589041,0.07,0.02,0.5
TCS,2095.9,2360.0,30-06-2026,PUT,266.0,263.75,271.2,198,868,0.6694,0.0,0.0,0.0,0.0,2026-06-25T22:13:49,2026-06-30,2026-06-25 22:13:50.005036,0.010958904109589041,0.07,0.02,267.475
TCS,2095.9,2380.0,30-06-2026,CALL,0.5,0.4,0.5,738,1216,0.47409999999999997,0.0,0.0,0.0,0.0,2026-06-25T22:13:49,2026-06-30,2026-06-25 22:13:50.005036,0.010958904109589041,0.07,0.02,0.45
TCS,2095.9,2380.0,30-06-2026,PUT,257.0,284.0,289.85,162,969,0.0,0.0,0.0,0.0,0.0,2026-06-25T22:13:49,2026-06-30,2026-06-25 22:13:50.005036,0.010958904109589041,0.07,0.02,286.925
TCS,2095.9,2400.0,30-06-2026,CALL,0.5,0.45,0.5,6394,11105,0.5011,0.0,0.0,0.0,0.0,2026-06-25T22:13:49,2026-06-30,2026-06-25 22:13:50.005036,0.010958904109589041,0.07,0.02,0.475
TCS,2095.9,2400.0,30-06-2026,PUT,308.2,305.8,308.65,442,1870,0.8059999999999999,0.0,0.0,0.0,0.0,2026-06-25T22:13:49,2026-06-30,2026-06-25 22:13:50.005036,0.010958904109589041,0.07,0.02,307.225
TCS,2095.9,2420.0,30-06-2026,CALL,0.35,0.3,0.4,278,1575,0.5047,0.0,0.0,0.0,0.0,2026-06-25T22:13:49,2026-06-30,2026-06-25 22:13:50.005036,0.010958904109589041,0.07,0.02,0.35
TCS,2095.9,2420.0,30-06-2026,PUT,285.85,320.3,332.25,17,666,0.0,0.0,0.0,0.0,0.0,2026-06-25T22:13:49,2026-06-30,2026-06-25 22:13:50.005036,0.010958904109589041,0.07,0.02,326.275
TCS,2095.9,2440.0,30-06-2026,CALL,0.4,0.3,0.4,228,2480,0.5387,0.0,0.0,0.0,0.0,2026-06-25T22:13:49,2026-06-30,2026-06-25 22:13:50.005036,0.010958904109589041,0.07,0.02,0.35
TCS,2095.9,2440.0,30-06-2026,PUT,349.5,345.55,351.65,26,1324,0.9151,0.0,0.0,0.0,0.0,2026-06-25T22:13:49,2026-06-30,2026-06-25 22:13:50.005036,0.010958904109589041,0.07,0.02,348.6
TCS,2095.9,2460.0,30-06-2026,CALL,0.3,0.25,0.35,535,2317,0.5451,0.0,0.0,0.0,0.0,2026-06-25T22:13:49,2026-06-30,2026-06-25 22:13:50.005036,0.010958904109589041,0.07,0.02,0.3
TCS,2095.9,2460.0,30-06-2026,PUT,337.0,364.1,368.9,48,636,0.0,0.0,0.0,0.0,0.0,2026-06-25T22:13:49,2026-06-30,2026-06-25 22:13:50.005036,0.010958904109589041,0.07,0.02,366.5
TCS,2095.9,2480.0,30-06-2026,CALL,0.25,0.25,0.4,393,1741,0.5579,0.0,0.0,0.0,0.0,2026-06-25T22:13:49,2026-06-30,2026-06-25 22:13:50.005036,0.010958904109589041,0.07,0.02,0.325
TCS,2095.9,2480.0,30-06-2026,PUT,349.05,380.3,394.45,6,479,0.0,0.0,0.0,0.0,0.0,2026-06-25T22:13:49,2026-06-30,2026-06-25 22:13:50.005036,0.010958904109589041,0.07,0.02,387.375
TCS,2095.9,2500.0,30-06-2026,CALL,0.2,0.2,0.25,1560,10331,0.5676,0.0,0.0,0.0,0.0,2026-06-25T22:13:49,2026-06-30,2026-06-25 22:13:50.005036,0.010958904109589041,0.07,0.02,0.225
TCS,2095.9,2500.0,30-06-2026,PUT,392.55,403.6,410.35,133,1959,0.0,0.0,0.0,0.0,0.0,2026-06-25T22:13:49,2026-06-30,2026-06-25 22:13:50.005036,0.010958904109589041,0.07,0.02,406.975
TCS,2095.9,2520.0,30-06-2026,CALL,0.25,0.2,0.3,132,1118,0.6047,0.0,0.0,0.0,0.0,2026-06-25T22:13:49,2026-06-30,2026-06-25 22:13:50.005036,0.010958904109589041,0.07,0.02,0.25
TCS,2095.9,2520.0,30-06-2026,PUT,368.05,423.65,431.4,8,69,0.0,0.0,0.0,0.0,0.0,2026-06-25T22:13:49,2026-06-30,2026-06-25 22:13:50.005036,0.010958904109589041,0.07,0.02,427.525
TCS,2095.9,2540.0,30-06-2026,CALL,0.25,0.2,0.35,304,694,0.6277,0.0,0.0,0.0,0.0,2026-06-25T22:13:49,2026-06-30,2026-06-25 22:13:50.005036,0.010958904109589041,0.07,0.02,0.275
TCS,2095.9,2540.0,30-06-2026,PUT,411.0,440.0,454.8,8,472,0.0,0.0,0.0,0.0,0.0,2026-06-25T22:13:49,2026-06-30,2026-06-25 22:13:50.005036,0.010958904109589041,0.07,0.02,447.4
TCS,2095.9,2560.0,30-06-2026,CALL,0.15,0.15,0.2,74,697,0.6171,0.0,0.0,0.0,0.0,2026-06-25T22:13:49,2026-06-30,2026-06-25 22:13:50.005036,0.010958904109589041,0.07,0.02,0.175
TCS,2095.9,2560.0,30-06-2026,PUT,431.0,463.5,483.6,7,37,0.0,0.0,0.0,0.0,0.0,2026-06-25T22:13:49,2026-06-30,2026-06-25 22:13:50.005036,0.010958904109589041,0.07,0.02,473.55
TCS,2095.9,2580.0,30-06-2026,CALL,0.2,0.15,0.35,54,1002,0.6573,0.0,0.0,0.0,0.0,2026-06-25T22:13:49,2026-06-30,2026-06-25 22:13:50.005036,0.010958904109589041,0.07,0.02,0.25
TCS,2095.9,2580.0,30-06-2026,PUT,451.0,479.95,495.85,5,10,0.0,0.0,0.0,0.0,0.0,2026-06-25T22:13:49,2026-06-30,2026-06-25 22:13:50.005036,0.010958904109589041,0.07,0.02,487.9
TCS,2095.9,2600.0,30-06-2026,CALL,0.15,0.15,0.2,412,3021,0.6598999999999999,0.0,0.0,0.0,0.0,2026-06-25T22:13:49,2026-06-30,2026-06-25 22:13:50.005036,0.010958904109589041,0.07,0.02,0.175
TCS,2095.9,2600.0,30-06-2026,PUT,507.0,505.9,510.55,163,1038,1.1168,0.0,0.0,0.0,0.0,2026-06-25T22:13:49,2026-06-30,2026-06-25 22:13:50.005036,0.010958904109589041,0.07,0.02,508.225
TCS,2095.9,2620.0,30-06-2026,CALL,0.15,0.1,0.35,22,541,0.6809000000000001,0.0,0.0,0.0,0.0,2026-06-25T22:13:49,2026-06-30,2026-06-25 22:13:50.005036,0.010958904109589041,0.07,0.02,0.22499999999999998
TCS,2095.9,2620.0,30-06-2026,PUT,494.0,523.25,536.2,1,6,0.0,0.0,0.0,0.0,0.0,2026-06-25T22:13:49,2026-06-30,2026-06-25 22:13:50.005036,0.010958904109589041,0.07,0.02,529.725
TCS,2095.9,2640.0,30-06-2026,CALL,0.15,0.15,0.4,19,411,0.7017,0.0,0.0,0.0,0.0,2026-06-25T22:13:49,2026-06-30,2026-06-25 22:13:50.005036,0.010958904109589041,0.07,0.02,0.275
TCS,2095.9,2640.0,30-06-2026,PUT,503.0,543.65,553.4,15,37,0.0,0.0,0.0,0.0,0.0,2026-06-25T22:13:49,2026-06-30,2026-06-25 22:13:50.005036,0.010958904109589041,0.07,0.02,548.525
TCS,2095.9,2660.0,30-06-2026,CALL,0.2,0.15,0.25,11,607,0.7429000000000001,0.0,0.0,0.0,0.0,2026-06-25T22:13:49,2026-06-30,2026-06-25 22:13:50.005036,0.010958904109589041,0.07,0.02,0.2
TCS,2095.9,2660.0,30-06-2026,PUT,522.0,561.65,574.85,1,3,0.0,0.0,0.0,0.0,0.0,2026-06-25T22:13:49,2026-06-30,2026-06-25 22:13:50.005036,0.010958904109589041,0.07,0.02,568.25
TCS,2095.9,2680.0,30-06-2026,CALL,0.15,0.05,0.4,1,181,0.7426,0.0,0.0,0.0,0.0,2026-06-25T22:13:49,2026-06-30,2026-06-25 22:13:50.005036,0.010958904109589041,0.07,0.02,0.225
TCS,2095.9,2680.0,30-06-2026,PUT,551.0,583.85,625.35,1,1,0.0,0.0,0.0,0.0,0.0,2026-06-25T22:13:49,2026-06-30,2026-06-25 22:13:50.005036,0.010958904109589041,0.07,0.02,604.6
TCS,2095.9,2700.0,30-06-2026,CALL,0.2,0.1,0.2,83,833,0.7844,0.0,0.0,0.0,0.0,2026-06-25T22:13:49,2026-06-30,2026-06-25 22:13:50.005036,0.010958904109589041,0.07,0.02,0.15000000000000002
TCS,2095.9,2700.0,30-06-2026,PUT,604.6,605.8,611.9,280,892,1.1699,0.0,0.0,0.0,0.0,2026-06-25T22:13:49,2026-06-30,2026-06-25 22:13:50.005036,0.010958904109589041,0.07,0.02,608.8499999999999
TCS,2095.9,2720.0,30-06-2026,CALL,0.1,0.1,0.4,13,136,0.7541,0.0,0.0,0.0,0.0,2026-06-25T22:13:49,2026-06-30,2026-06-25 22:13:50.005036,0.010958904109589041,0.07,0.02,0.25
TCS,2095.9,2720.0,30-06-2026,PUT,382.0,564.1,0.0,0,4,0.0,0.0,0.0,0.0,0.0,2026-06-25T22:13:49,2026-06-30,2026-06-25 22:13:50.005036,0.010958904109589041,0.07,0.02,282.05
TCS,2095.9,2740.0,30-06-2026,CALL,1.0,0.1,0.4,0,6,0.4814,0.0,0.0,0.0,0.0,2026-06-25T22:13:49,2026-06-30,2026-06-25 22:13:50.005036,0.010958904109589041,0.07,0.02,0.25
TCS,2095.9,2740.0,30-06-2026,PUT,0.0,577.15,721.55,0,0,0.0,0.0,0.0,0.0,0.0,2026-06-25T22:13:49,2026-06-30,2026-06-25 22:13:50.005036,0.010958904109589041,0.07,0.02,649.3499999999999
TCS,2095.9,2760.0,30-06-2026,CALL,0.1,0.1,0.4,0,390,0.7779,0.0,0.0,0.0,0.0,2026-06-25T22:13:49,2026-06-30,2026-06-25 22:13:50.005036,0.010958904109589041,0.07,0.02,0.25
TCS,2095.9,2760.0,30-06-2026,PUT,630.0,653.15,676.3,4,23,0.0,0.0,0.0,0.0,0.0,2026-06-25T22:13:49,2026-06-30,2026-06-25 22:13:50.005036,0.010958904109589041,0.07,0.02,664.7249999999999
TCS,2095.9,2800.0,30-06-2026,CALL,0.15,0.1,0.25,57,1805,0.8604999999999999,0.0,0.0,0.0,0.0,2026-06-25T22:13:49,2026-06-30,2026-06-25 22:13:50.005036,0.010958904109589041,0.07,0.02,0.175
TCS,2095.9,2800.0,30-06-2026,PUT,705.0,704.7,711.35,266,1396,1.3314,0.0,0.0,0.0,0.0,2026-06-25T22:13:49,2026-06-30,2026-06-25 22:13:50.005036,0.010958904109589041,0.07,0.02,708.0250000000001
TCS,2095.9,2840.0,30-06-2026,CALL,0.25,0.2,0.25,222,696,0.9431999999999999,0.0,0.0,0.0,0.0,2026-06-25T22:13:49,2026-06-30,2026-06-25 22:13:50.005036,0.010958904109589041,0.07,0.02,0.225
TCS,2095.9,2840.0,30-06-2026,PUT,745.55,740.25,748.3,1202,1521,1.413,0.0,0.0,0.0,0.0,2026-06-25T22:13:49,2026-06-30,2026-06-25 22:13:50.005036,0.010958904109589041,0.07,0.02,744.275
TCS,2095.9,2960.0,30-06-2026,CALL,0.1,0.05,0.1,24,135,0.9722,0.0,0.0,0.0,0.0,2026-06-25T22:13:49,2026-06-30,2026-06-25 22:13:50.005036,0.010958904109589041,0.07,0.02,0.07500000000000001
TCS,2095.9,3040.0,30-06-2026,CALL,0.35,0.05,0.35,6,17,1.1671,0.0,0.0,0.0,0.0,2026-06-25T22:13:49,2026-06-30,2026-06-25 22:13:50.005036,0.010958904109589041,0.07,0.02,0.19999999999999998
TCS,2095.9,1680.0,28-07-2026,CALL,0.0,374.35,400.1,0,0,0.0,0.0,0.0,0.0,0.0,2026-06-25T22:13:49,2026-07-28,2026-06-25 22:13:50.005036,0.08767123287671233,0.07,0.02,387.225
TCS,2095.9,1680.0,28-07-2026,PUT,0.0,1.9,6.0,0,0,0.0,0.0,0.0,0.0,0.0,2026-06-25T22:13:49,2026-07-28,2026-06-25 22:13:50.005036,0.08767123287671233,0.07,0.02,3.95
TCS,2095.9,1720.0,28-07-2026,CALL,0.0,335.65,361.8,0,0,0.0,0.0,0.0,0.0,0.0,2026-06-25T22:13:49,2026-07-28,2026-06-25 22:13:50.005036,0.08767123287671233,0.07,0.02,348.725
TCS,2095.9,1720.0,28-07-2026,PUT,5.55,5.5,5.85,32,21,0.4278,0.0,0.0,0.0,0.0,2026-06-25T22:13:49,2026-07-28,2026-06-25 22:13:50.005036,0.08767123287671233,0.07,0.02,5.675
TCS,2095.9,1760.0,28-07-2026,CALL,0.0,304.2,316.3,0,0,0.0,0.0,0.0,0.0,0.0,2026-06-25T22:13:49,2026-07-28,2026-06-25 22:13:50.005036,0.08767123287671233,0.07,0.02,310.25
TCS,2095.9,1760.0,28-07-2026,PUT,7.5,7.35,7.7,468,683,0.4158,0.0,0.0,0.0,0.0,2026-06-25T22:13:49,2026-07-28,2026-06-25 22:13:50.005036,0.08767123287671233,0.07,0.02,7.525
TCS,2095.9,1780.0,28-07-2026,CALL,0.0,285.45,297.8,0,0,0.0,0.0,0.0,0.0,0.0,2026-06-25T22:13:49,2026-07-28,2026-06-25 22:13:50.005036,0.08767123287671233,0.07,0.02,291.625
TCS,2095.9,1780.0,28-07-2026,PUT,8.95,8.7,8.9,201,76,0.4128,0.0,0.0,0.0,0.0,2026-06-25T22:13:49,2026-07-28,2026-06-25 22:13:50.005036,0.08767123287671233,0.07,0.02,8.8
TCS,2095.9,1800.0,28-07-2026,CALL,270.0,273.55,277.85,39,331,0.0,0.0,0.0,0.0,0.0,2026-06-25T22:13:49,2026-07-28,2026-06-25 22:13:50.005036,0.08767123287671233,0.07,0.02,275.70000000000005
TCS,2095.9,1800.0,28-07-2026,PUT,10.4,10.4,10.6,2202,1734,0.40740000000000004,0.0,0.0,0.0,0.0,2026-06-25T22:13:49,2026-07-28,2026-06-25 22:13:50.005036,0.08767123287671233,0.07,0.02,10.5
TCS,2095.9,1820.0,28-07-2026,CALL,0.0,251.05,261.4,0,0,0.0,0.0,0.0,0.0,0.0,2026-06-25T22:13:49,2026-07-28,2026-06-25 22:13:50.005036,0.08767123287671233,0.07,0.02,256.225
TCS,2095.9,1820.0,28-07-2026,PUT,12.6,11.85,12.25,485,218,0.40700000000000003,0.0,0.0,0.0,0.0,2026-06-25T22:13:49,2026-07-28,2026-06-25 22:13:50.005036,0.08767123287671233,0.07,0.02,12.05
TCS,2095.9,1840.0,28-07-2026,CALL,268.0,234.1,242.7,0,5,0.0,0.0,0.0,0.0,0.0,2026-06-25T22:13:49,2026-07-28,2026-06-25 22:13:50.005036,0.08767123287671233,0.07,0.02,238.39999999999998
TCS,2095.9,1840.0,28-07-2026,PUT,14.3,13.85,14.4,349,526,0.3995,0.0,0.0,0.0,0.0,2026-06-25T22:13:49,2026-07-28,2026-06-25 22:13:50.005036,0.08767123287671233,0.07,0.02,14.125
TCS,2095.9,1860.0,28-07-2026,CALL,221.0,220.6,227.3,43,35,0.0,0.0,0.0,0.0,0.0,2026-06-25T22:13:49,2026-07-28,2026-06-25 22:13:50.005036,0.08767123287671233,0.07,0.02,223.95
TCS,2095.9,1860.0,28-07-2026,PUT,16.55,16.55,16.95,251,239,0.3947,0.0,0.0,0.0,0.0,2026-06-25T22:13:49,2026-07-28,2026-06-25 22:13:50.005036,0.08767123287671233,0.07,0.02,16.75
TCS,2095.9,1880.0,28-07-2026,CALL,220.15,196.65,209.6,0,8,0.0,0.0,0.0,0.0,0.0,2026-06-25T22:13:49,2026-07-28,2026-06-25 22:13:50.005036,0.08767123287671233,0.07,0.02,203.125
TCS,2095.9,1880.0,28-07-2026,PUT,20.2,19.45,20.15,469,419,0.39740000000000003,0.0,0.0,0.0,0.0,2026-06-25T22:13:49,2026-07-28,2026-06-25 22:13:50.005036,0.08767123287671233,0.07,0.02,19.799999999999997
TCS,2095.9,1900.0,28-07-2026,CALL,192.15,182.75,195.7,15,67,0.0,0.0,0.0,0.0,0.0,2026-06-25T22:13:49,2026-07-28,2026-06-25 22:13:50.005036,0.08767123287671233,0.07,0.02,189.225
TCS,2095.9,1900.0,28-07-2026,PUT,23.45,23.15,23.35,2270,1866,0.3942,0.0,0.0,0.0,0.0,2026-06-25T22:13:49,2026-07-28,2026-06-25 22:13:50.005036,0.08767123287671233,0.07,0.02,23.25
TCS,2095.9,1920.0,28-07-2026,CALL,181.7,171.9,178.6,3,10,0.0,0.0,0.0,0.0,0.0,2026-06-25T22:13:49,2026-07-28,2026-06-25 22:13:50.005036,0.08767123287671233,0.07,0.02,175.25
TCS,2095.9,1920.0,28-07-2026,PUT,27.5,27.0,27.65,242,362,0.3934,0.0,0.0,0.0,0.0,2026-06-25T22:13:49,2026-07-28,2026-06-25 22:13:50.005036,0.08767123287671233,0.07,0.02,27.325
TCS,2095.9,1940.0,28-07-2026,CALL,179.1,151.75,160.95,0,1,0.0,0.0,0.0,0.0,0.0,2026-06-25T22:13:49,2026-07-28,2026-06-25 22:13:50.005036,0.08767123287671233,0.07,0.02,156.35
TCS,2095.9,1940.0,28-07-2026,PUT,33.0,31.7,32.3,289,322,0.39770000000000005,0.0,0.0,0.0,0.0,2026-06-25T22:13:49,2026-07-28,2026-06-25 22:13:50.005036,0.08767123287671233,0.07,0.02,32.0
TCS,2095.9,1960.0,28-07-2026,CALL,138.7,137.95,151.15,3,608,0.0,0.0,0.0,0.0,0.0,2026-06-25T22:13:49,2026-07-28,2026-06-25 22:13:50.005036,0.08767123287671233,0.07,0.02,144.55
TCS,2095.9,1960.0,28-07-2026,PUT,37.7,34.85,37.7,294,690,0.3946,0.0,0.0,0.0,0.0,2026-06-25T22:13:49,2026-07-28,2026-06-25 22:13:50.005036,0.08767123287671233,0.07,0.02,36.275000000000006
TCS,2095.9,1980.0,28-07-2026,CALL,128.05,129.3,131.8,11,91,0.0,0.0,0.0,0.0,0.0,2026-06-25T22:13:49,2026-07-28,2026-06-25 22:13:50.005036,0.08767123287671233,0.07,0.02,130.55
TCS,2095.9,1980.0,28-07-2026,PUT,45.5,43.35,44.25,277,407,0.4039,0.0,0.0,0.0,0.0,2026-06-25T22:13:49,2026-07-28,2026-06-25 22:13:50.005036,0.08767123287671233,0.07,0.02,43.8
TCS,2095.9,2000.0,28-07-2026,CALL,118.5,117.0,118.7,1963,3702,0.14859999999999998,0.0,0.0,0.0,0.0,2026-06-25T22:13:49,2026-07-28,2026-06-25 22:13:50.005036,0.08767123287671233,0.07,0.02,117.85
TCS,2095.9,2000.0,28-07-2026,PUT,51.1,50.45,51.2,3832,4362,0.3997,0.0,0.0,0.0,0.0,2026-06-25T22:13:49,2026-07-28,2026-06-25 22:13:50.005036,0.08767123287671233,0.07,0.02,50.825
TCS,2095.9,2020.0,28-07-2026,CALL,104.0,104.65,111.95,79,237,0.16620000000000001,0.0,0.0,0.0,0.0,2026-06-25T22:13:49,2026-07-28,2026-06-25 22:13:50.005036,0.08767123287671233,0.07,0.02,108.30000000000001
TCS,2095.9,2020.0,28-07-2026,PUT,60.0,54.95,59.65,601,567,0.4075,0.0,0.0,0.0,0.0,2026-06-25T22:13:49,2026-07-28,2026-06-25 22:13:50.005036,0.08767123287671233,0.07,0.02,57.3
TCS,2095.9,2040.0,28-07-2026,CALL,95.0,93.75,95.7,250,402,0.1993,0.0,0.0,0.0,0.0,2026-06-25T22:13:49,2026-07-28,2026-06-25 22:13:50.005036,0.08767123287671233,0.07,0.02,94.725
TCS,2095.9,2040.0,28-07-2026,PUT,68.45,67.1,68.55,536,467,0.4104,0.0,0.0,0.0,0.0,2026-06-25T22:13:49,2026-07-28,2026-06-25 22:13:50.005036,0.08767123287671233,0.07,0.02,67.82499999999999
TCS,2095.9,2060.0,28-07-2026,CALL,84.5,83.95,85.2,1241,1415,0.2132,0.0,0.0,0.0,0.0,2026-06-25T22:13:49,2026-07-28,2026-06-25 22:13:50.005036,0.08767123287671233,0.07,0.02,84.575
TCS,2095.9,2060.0,28-07-2026,PUT,77.5,76.95,78.4,1019,1707,0.413,0.0,0.0,0.0,0.0,2026-06-25T22:13:49,2026-07-28,2026-06-25 22:13:50.005036,0.08767123287671233,0.07,0.02,77.67500000000001
TCS,2095.9,2080.0,28-07-2026,CALL,75.4,74.65,75.8,1590,1407,0.2263,0.0,0.0,0.0,0.0,2026-06-25T22:13:49,2026-07-28,2026-06-25 22:13:50.005036,0.08767123287671233,0.07,0.02,75.225
TCS,2095.9,2080.0,28-07-2026,PUT,88.6,87.15,88.7,1350,1087,0.4214,0.0,0.0,0.0,0.0,2026-06-25T22:13:49,2026-07-28,2026-06-25 22:13:50.005036,0.08767123287671233,0.07,0.02,87.92500000000001
TCS,2095.9,2100.0,28-07-2026,CALL,66.6,66.6,67.4,7912,5858,0.2352,0.0,0.0,0.0,0.0,2026-06-25T22:13:49,2026-07-28,2026-06-25 22:13:50.005036,0.08767123287671233,0.07,0.02,67.0
TCS,2095.9,2100.0,28-07-2026,PUT,99.35,98.8,99.15,5322,5761,0.4257,0.0,0.0,0.0,0.0,2026-06-25T22:13:49,2026-07-28,2026-06-25 22:13:50.005036,0.08767123287671233,0.07,0.02,98.975
TCS,2095.9,2120.0,28-07-2026,CALL,59.0,58.9,59.75,3193,1189,0.2443,0.0,0.0,0.0,0.0,2026-06-25T22:13:49,2026-07-28,2026-06-25 22:13:50.005036,0.08767123287671233,0.07,0.02,59.325
TCS,2095.9,2120.0,28-07-2026,PUT,113.95,110.4,112.05,2974,1134,0.44299999999999995,0.0,0.0,0.0,0.0,2026-06-25T22:13:49,2026-07-28,2026-06-25 22:13:50.005036,0.08767123287671233,0.07,0.02,111.225
TCS,2095.9,2140.0,28-07-2026,CALL,52.95,51.95,52.8,2039,1041,0.2555,0.0,0.0,0.0,0.0,2026-06-25T22:13:49,2026-07-28,2026-06-25 22:13:50.005036,0.08767123287671233,0.07,0.02,52.375
TCS,2095.9,2140.0,28-07-2026,PUT,124.8,123.15,124.8,1808,772,0.44299999999999995,0.0,0.0,0.0,0.0,2026-06-25T22:13:49,2026-07-28,2026-06-25 22:13:50.005036,0.08767123287671233,0.07,0.02,123.975
TCS,2095.9,2160.0,28-07-2026,CALL,46.2,45.85,46.3,1295,1480,0.26039999999999996,0.0,0.0,0.0,0.0,2026-06-25T22:13:49,2026-07-28,2026-06-25 22:13:50.005036,0.08767123287671233,0.07,0.02,46.075
TCS,2095.9,2160.0,28-07-2026,PUT,141.85,136.55,141.85,566,1341,0.46549999999999997,0.0,0.0,0.0,0.0,2026-06-25T22:13:49,2026-07-28,2026-06-25 22:13:50.005036,0.08767123287671233,0.07,0.02,139.2
TCS,2095.9,2180.0,28-07-2026,CALL,40.45,40.45,41.15,770,542,0.266,0.0,0.0,0.0,0.0,2026-06-25T22:13:49,2026-07-28,2026-06-25 22:13:50.005036,0.08767123287671233,0.07,0.02,40.8
TCS,2095.9,2180.0,28-07-2026,PUT,149.0,150.7,153.6,78,203,0.4464,0.0,0.0,0.0,0.0,2026-06-25T22:13:49,2026-07-28,2026-06-25 22:13:50.005036,0.08767123287671233,0.07,0.02,152.14999999999998
TCS,2095.9,2200.0,28-07-2026,CALL,36.25,35.85,36.3,7157,7655,0.2751,0.0,0.0,0.0,0.0,2026-06-25T22:13:49,2026-07-28,2026-06-25 22:13:50.005036,0.08767123287671233,0.07,0.02,36.075
TCS,2095.9,2200.0,28-07-2026,PUT,167.0,166.15,167.95,1877,3212,0.469,0.0,0.0,0.0,0.0,2026-06-25T22:13:49,2026-07-28,2026-06-25 22:13:50.005036,0.08767123287671233,0.07,0.02,167.05
TCS,2095.9,2220.0,28-07-2026,CALL,31.95,30.05,33.85,398,684,0.2812,0.0,0.0,0.0,0.0,2026-06-25T22:13:49,2026-07-28,2026-06-25 22:13:50.005036,0.08767123287671233,0.07,0.02,31.950000000000003
TCS,2095.9,2220.0,28-07-2026,PUT,171.6,181.7,187.95,5,455,0.43479999999999996,0.0,0.0,0.0,0.0,2026-06-25T22:13:49,2026-07-28,2026-06-25 22:13:50.005036,0.08767123287671233,0.07,0.02,184.825
TCS,2095.9,2240.0,28-07-2026,CALL,27.9,27.55,27.9,865,1416,0.2858,0.0,0.0,0.0,0.0,2026-06-25T22:13:49,2026-07-28,2026-06-25 22:13:50.005036,0.08767123287671233,0.07,0.02,27.725
TCS,2095.9,2240.0,28-07-2026,PUT,170.0,197.4,205.8,33,699,0.3693,0.0,0.0,0.0,0.0,2026-06-25T22:13:49,2026-07-28,2026-06-25 22:13:50.005036,0.08767123287671233,0.07,0.02,201.60000000000002
TCS,2095.9,2260.0,28-07-2026,CALL,24.65,24.15,24.75,344,1023,0.2918,0.0,0.0,0.0,0.0,2026-06-25T22:13:49,2026-07-28,2026-06-25 22:13:50.005036,0.08767123287671233,0.07,0.02,24.45
TCS,2095.9,2260.0,28-07-2026,PUT,185.5,214.15,220.05,10,244,0.374,0.0,0.0,0.0,0.0,2026-06-25T22:13:49,2026-07-28,2026-06-25 22:13:50.005036,0.08767123287671233,0.07,0.02,217.10000000000002
TCS,2095.9,2280.0,28-07-2026,CALL,21.65,21.2,21.85,242,683,0.2968,0.0,0.0,0.0,0.0,2026-06-25T22:13:49,2026-07-28,2026-06-25 22:13:50.005036,0.08767123287671233,0.07,0.02,21.525
TCS,2095.9,2280.0,28-07-2026,PUT,218.75,231.3,239.55,2,81,0.45840000000000003,0.0,0.0,0.0,0.0,2026-06-25T22:13:49,2026-07-28,2026-06-25 22:13:50.005036,0.08767123287671233,0.07,0.02,235.425
TCS,2095.9,2300.0,28-07-2026,CALL,19.05,19.0,19.3,7477,7911,0.3019,0.0,0.0,0.0,0.0,2026-06-25T22:13:49,2026-07-28,2026-06-25 22:13:50.005036,0.08767123287671233,0.07,0.02,19.15
TCS,2095.9,2300.0,28-07-2026,PUT,254.15,248.05,251.4,181,1111,0.5508,0.0,0.0,0.0,0.0,2026-06-25T22:13:49,2026-07-28,2026-06-25 22:13:50.005036,0.08767123287671233,0.07,0.02,249.72500000000002
TCS,2095.9,2320.0,28-07-2026,CALL,16.25,16.2,16.85,699,820,0.3036,0.0,0.0,0.0,0.0,2026-06-25T22:13:49,2026-07-28,2026-06-25 22:13:50.005036,0.08767123287671233,0.07,0.02,16.525
TCS,2095.9,2320.0,28-07-2026,PUT,142.5,264.15,276.4,0,18,0.3403,0.0,0.0,0.0,0.0,2026-06-25T22:13:49,2026-07-28,2026-06-25 22:13:50.005036,0.08767123287671233,0.07,0.02,270.275
TCS,2095.9,2340.0,28-07-2026,CALL,14.75,14.45,14.7,701,835,0.3116,0.0,0.0,0.0,0.0,2026-06-25T22:13:49,2026-07-28,2026-06-25 22:13:50.005036,0.08767123287671233,0.07,0.02,14.575
TCS,2095.9,2340.0,28-07-2026,PUT,250.0,282.4,293.6,6,47,0.38549999999999995,0.0,0.0,0.0,0.0,2026-06-25T22:13:49,2026-07-28,2026-06-25 22:13:50.005036,0.08767123287671233,0.07,0.02,288.0
TCS,2095.9,2360.0,28-07-2026,CALL,13.15,12.7,13.15,295,277,0.31739999999999996,0.0,0.0,0.0,0.0,2026-06-25T22:13:49,2026-07-28,2026-06-25 22:13:50.005036,0.08767123287671233,0.07,0.02,12.925
TCS,2095.9,2360.0,28-07-2026,PUT,303.2,301.3,305.6,14,80,0.5722999999999999,0.0,0.0,0.0,0.0,2026-06-25T22:13:49,2026-07-28,2026-06-25 22:13:50.005036,0.08767123287671233,0.07,0.02,303.45000000000005
TCS,2095.9,2380.0,28-07-2026,CALL,11.35,11.2,11.65,303,241,0.3201,0.0,0.0,0.0,0.0,2026-06-25T22:13:49,2026-07-28,2026-06-25 22:13:50.005036,0.08767123287671233,0.07,0.02,11.425
TCS,2095.9,2380.0,28-07-2026,PUT,289.0,318.85,329.8,1,17,0.41950000000000004,0.0,0.0,0.0,0.0,2026-06-25T22:13:49,2026-07-28,2026-06-25 22:13:50.005036,0.08767123287671233,0.07,0.02,324.32500000000005
TCS,2095.9,2400.0,28-07-2026,CALL,10.15,10.1,10.2,3611,5489,0.3258,0.0,0.0,0.0,0.0,2026-06-25T22:13:49,2026-07-28,2026-06-25 22:13:50.005036,0.08767123287671233,0.07,0.02,10.149999999999999
TCS,2095.9,2400.0,28-07-2026,PUT,339.15,337.25,346.9,245,949,0.5967,0.0,0.0,0.0,0.0,2026-06-25T22:13:49,2026-07-28,2026-06-25 22:13:50.005036,0.08767123287671233,0.07,0.02,342.075
TCS,2095.9,2420.0,28-07-2026,CALL,8.75,8.55,8.95,242,318,0.3283,0.0,0.0,0.0,0.0,2026-06-25T22:13:49,2026-07-28,2026-06-25 22:13:50.005036,0.08767123287671233,0.07,0.02,8.75
TCS,2095.9,2420.0,28-07-2026,PUT,132.0,354.0,369.3,0,1,0.2227,0.0,0.0,0.0,0.0,2026-06-25T22:13:49,2026-07-28,2026-06-25 22:13:50.005036,0.08767123287671233,0.07,0.02,361.65
TCS,2095.9,2440.0,28-07-2026,CALL,7.95,7.85,8.15,243,293,0.33490000000000003,0.0,0.0,0.0,0.0,2026-06-25T22:13:49,2026-07-28,2026-06-25 22:13:50.005036,0.08767123287671233,0.07,0.02,8.0
TCS,2095.9,2440.0,28-07-2026,PUT,347.8,373.05,388.15,3,11,0.4686,0.0,0.0,0.0,0.0,2026-06-25T22:13:49,2026-07-28,2026-06-25 22:13:50.005036,0.08767123287671233,0.07,0.02,380.6
TCS,2095.9,2460.0,28-07-2026,CALL,6.9,6.7,7.1,100,122,0.33770000000000006,0.0,0.0,0.0,0.0,2026-06-25T22:13:49,2026-07-28,2026-06-25 22:13:50.005036,0.08767123287671233,0.07,0.02,6.9
TCS,2095.9,2460.0,28-07-2026,PUT,371.45,382.65,411.25,0,26,0.56,0.0,0.0,0.0,0.0,2026-06-25T22:13:49,2026-07-28,2026-06-25 22:13:50.005036,0.08767123287671233,0.07,0.02,396.95
TCS,2095.9,2480.0,28-07-2026,CALL,6.5,6.0,6.5,72,102,0.34659999999999996,0.0,0.0,0.0,0.0,2026-06-25T22:13:49,2026-07-28,2026-06-25 22:13:50.005036,0.08767123287671233,0.07,0.02,6.25
TCS,2095.9,2480.0,28-07-2026,PUT,350.3,401.7,430.4,0,12,0.4389,0.0,0.0,0.0,0.0,2026-06-25T22:13:49,2026-07-28,2026-06-25 22:13:50.005036,0.08767123287671233,0.07,0.02,416.04999999999995
TCS,2095.9,2500.0,28-07-2026,CALL,5.85,5.75,5.9,1222,3230,0.3518,0.0,0.0,0.0,0.0,2026-06-25T22:13:49,2026-07-28,2026-06-25 22:13:50.005036,0.08767123287671233,0.07,0.02,5.825
TCS,2095.9,2500.0,28-07-2026,PUT,438.0,428.35,444.25,173,570,0.6919,0.0,0.0,0.0,0.0,2026-06-25T22:13:49,2026-07-28,2026-06-25 22:13:50.005036,0.08767123287671233,0.07,0.02,436.3
TCS,2095.9,2520.0,28-07-2026,CALL,5.4,3.15,5.9,149,202,0.35869999999999996,0.0,0.0,0.0,0.0,2026-06-25T22:13:49,2026-07-28,2026-06-25 22:13:50.005036,0.08767123287671233,0.07,0.02,4.525
TCS,2095.9,2520.0,28-07-2026,PUT,410.0,439.95,468.7,1,1,0.3968,0.0,0.0,0.0,0.0,2026-06-25T22:13:49,2026-07-28,2026-06-25 22:13:50.005036,0.08767123287671233,0.07,0.02,454.325
TCS,2095.9,2540.0,28-07-2026,CALL,4.7,3.45,4.9,19,55,0.361,0.0,0.0,0.0,0.0,2026-06-25T22:13:49,2026-07-28,2026-06-25 22:13:50.005036,0.08767123287671233,0.07,0.02,4.175000000000001
TCS,2095.9,2540.0,28-07-2026,PUT,440.0,459.4,488.05,6,12,0.501,0.0,0.0,0.0,0.0,2026-06-25T22:13:49,2026-07-28,2026-06-25 22:13:50.005036,0.08767123287671233,0.07,0.02,473.725
TCS,2095.9,2560.0,28-07-2026,CALL,3.95,2.95,5.95,21,22,0.361,0.0,0.0,0.0,0.0,2026-06-25T22:13:49,2026-07-28,2026-06-25 22:13:50.005036,0.08767123287671233,0.07,0.02,4.45
TCS,2095.9,2560.0,28-07-2026,PUT,454.0,478.35,507.25,5,15,0.4671,0.0,0.0,0.0,0.0,2026-06-25T22:13:49,2026-07-28,2026-06-25 22:13:50.005036,0.08767123287671233,0.07,0.02,492.8
TCS,2095.9,2580.0,28-07-2026,CALL,9.0,3.0,7.0,0,45,0.321,0.0,0.0,0.0,0.0,2026-06-25T22:13:49,2026-07-28,2026-06-25 22:13:50.005036,0.08767123287671233,0.07,0.02,5.0
TCS,2095.9,2580.0,28-07-2026,PUT,475.0,498.15,526.8,2,4,0.4915,0.0,0.0,0.0,0.0,2026-06-25T22:13:49,2026-07-28,2026-06-25 22:13:50.005036,0.08767123287671233,0.07,0.02,512.4749999999999
TCS,2095.9,2600.0,28-07-2026,CALL,3.1,2.6,3.3,323,860,0.368,0.0,0.0,0.0,0.0,2026-06-25T22:13:49,2026-07-28,2026-06-25 22:13:50.005036,0.08767123287671233,0.07,0.02,2.95
TCS,2095.9,2600.0,28-07-2026,PUT,535.0,523.55,534.1,96,183,0.7683,0.0,0.0,0.0,0.0,2026-06-25T22:13:49,2026-07-28,2026-06-25 22:13:50.005036,0.08767123287671233,0.07,0.02,528.825
TCS,2095.9,2620.0,28-07-2026,CALL,2.0,2.0,4.4,1,30,0.3529,0.0,0.0,0.0,0.0,2026-06-25T22:13:49,2026-07-28,2026-06-25 22:13:50.005036,0.08767123287671233,0.07,0.02,3.2
TCS,2095.9,2620.0,28-07-2026,PUT,453.0,536.95,565.6,0,1,0.4683,0.0,0.0,0.0,0.0,2026-06-25T22:13:49,2026-07-28,2026-06-25 22:13:50.005036,0.08767123287671233,0.07,0.02,551.2750000000001
TCS,2095.9,2640.0,28-07-2026,CALL,2.7,2.2,4.25,55,105,0.381,0.0,0.0,0.0,0.0,2026-06-25T22:13:49,2026-07-28,2026-06-25 22:13:50.005036,0.08767123287671233,0.07,0.02,3.225
TCS,2095.9,2640.0,28-07-2026,PUT,555.0,556.55,585.0,0,3,0.7411,0.0,0.0,0.0,0.0,2026-06-25T22:13:49,2026-07-28,2026-06-25 22:13:50.005036,0.08767123287671233,0.07,0.02,570.775
TCS,2095.9,2660.0,28-07-2026,CALL,2.5,1.25,3.5,1,4,0.3868,0.0,0.0,0.0,0.0,2026-06-25T22:13:49,2026-07-28,2026-06-25 22:13:50.005036,0.08767123287671233,0.07,0.02,2.375
TCS,2095.9,2660.0,28-07-2026,PUT,0.0,576.0,604.75,0,0,0.0,0.0,0.0,0.0,0.0,2026-06-25T22:13:49,2026-07-28,2026-06-25 22:13:50.005036,0.08767123287671233,0.07,0.02,590.375
TCS,2095.9,2680.0,28-07-2026,CALL,0.0,1.1,5.0,0,0,0.0,0.0,0.0,0.0,0.0,2026-06-25T22:13:49,2026-07-28,2026-06-25 22:13:50.005036,0.08767123287671233,0.07,0.02,3.05
TCS,2095.9,2680.0,28-07-2026,PUT,565.0,595.6,624.2,1,2,0.44780000000000003,0.0,0.0,0.0,0.0,2026-06-25T22:13:49,2026-07-28,2026-06-25 22:13:50.005036,0.08767123287671233,0.07,0.02,609.9000000000001
TCS,2095.9,2700.0,28-07-2026,CALL,1.95,1.85,1.95,315,623,0.3921,0.0,0.0,0.0,0.0,2026-06-25T22:13:49,2026-07-28,2026-06-25 22:13:50.005036,0.08767123287671233,0.07,0.02,1.9
TCS,2095.9,2700.0,28-07-2026,PUT,629.0,618.65,636.0,212,562,0.8195,0.0,0.0,0.0,0.0,2026-06-25T22:13:49,2026-07-28,2026-06-25 22:13:50.005036,0.08767123287671233,0.07,0.02,627.325
TCS,2095.9,2720.0,28-07-2026,CALL,3.8,0.8,4.4,0,18,0.3333,0.0,0.0,0.0,0.0,2026-06-25T22:13:49,2026-07-28,2026-06-25 22:13:50.005036,0.08767123287671233,0.07,0.02,2.6
TCS,2095.9,2720.0,28-07-2026,PUT,0.0,634.9,663.5,0,0,0.0,0.0,0.0,0.0,0.0,2026-06-25T22:13:49,2026-07-28,2026-06-25 22:13:50.005036,0.08767123287671233,0.07,0.02,649.2
TCS,2095.9,2740.0,28-07-2026,CALL,0.0,0.7,4.2,0,0,0.0,0.0,0.0,0.0,0.0,2026-06-25T22:13:49,2026-07-28,2026-06-25 22:13:50.005036,0.08767123287671233,0.07,0.02,2.45
TCS,2095.9,2740.0,28-07-2026,PUT,0.0,654.3,683.1,0,0,0.0,0.0,0.0,0.0,0.0,2026-06-25T22:13:49,2026-07-28,2026-06-25 22:13:50.005036,0.08767123287671233,0.07,0.02,668.7
TCS,2095.9,2760.0,28-07-2026,CALL,0.0,0.6,4.05,0,0,0.0,0.0,0.0,0.0,0.0,2026-06-25T22:13:49,2026-07-28,2026-06-25 22:13:50.005036,0.08767123287671233,0.07,0.02,2.3249999999999997
TCS,2095.9,2760.0,28-07-2026,PUT,632.0,674.1,702.55,1,6,0.0,0.0,0.0,0.0,0.0,2026-06-25T22:13:49,2026-07-28,2026-06-25 22:13:50.005036,0.08767123287671233,0.07,0.02,688.325
TCS,2095.9,2800.0,28-07-2026,CALL,1.15,1.15,1.25,1758,1192,0.4093,0.0,0.0,0.0,0.0,2026-06-25T22:13:49,2026-07-28,2026-06-25 22:13:50.005036,0.08767123287671233,0.07,0.02,1.2
TCS,2095.9,2800.0,28-07-2026,PUT,725.0,722.2,724.55,2697,4420,0.8741,0.0,0.0,0.0,0.0,2026-06-25T22:13:49,2026-07-28,2026-06-25 22:13:50.005036,0.08767123287671233,0.07,0.02,723.375
TCS,2095.9,2880.0,28-07-2026,CALL,0.35,0.4,1.3,21,101,0.38689999999999997,0.0,0.0,0.0,0.0,2026-06-25T22:13:49,2026-07-28,2026-06-25 22:13:50.005036,0.08767123287671233,0.07,0.02,0.8500000000000001
TCS,2095.9,1680.0,25-08-2026,PUT,0.0,1.0,0.0,0,0,0.0,0.0,0.0,0.0,0.0,2026-06-25T22:13:49,2026-08-25,2026-06-25 22:13:50.005036,0.1643835616438356,0.07,0.02,0.5
TCS,2095.9,1760.0,25-08-2026,PUT,15.95,12.5,17.0,7,42,0.38299999999999995,0.0,0.0,0.0,0.0,2026-06-25T22:13:49,2026-08-25,2026-06-25 22:13:50.005036,0.1643835616438356,0.07,0.02,14.75
TCS,2095.9,1800.0,25-08-2026,PUT,15.9,15.1,19.9,2,5,0.349,0.0,0.0,0.0,0.0,2026-06-25T22:13:49,2026-08-25,2026-06-25 22:13:50.005036,0.1643835616438356,0.07,0.02,17.5
TCS,2095.9,1840.0,25-08-2026,CALL,300.0,0.0,0.0,0,8,0.0,0.0,0.0,0.0,0.0,2026-06-25T22:13:49,2026-08-25,2026-06-25 22:13:50.005036,0.1643835616438356,0.07,0.02,0.0
TCS,2095.9,1840.0,25-08-2026,PUT,28.0,23.4,29.0,12,67,0.3807,0.0,0.0,0.0,0.0,2026-06-25T22:13:49,2026-08-25,2026-06-25 22:13:50.005036,0.1643835616438356,0.07,0.02,26.2
TCS,2095.9,1880.0,25-08-2026,PUT,42.0,20.1,40.0,0,14,0.3714,0.0,0.0,0.0,0.0,2026-06-25T22:13:49,2026-08-25,2026-06-25 22:13:50.005036,0.1643835616438356,0.07,0.02,30.05
TCS,2095.9,1920.0,25-08-2026,PUT,45.0,43.05,46.0,24,37,0.3753,0.0,0.0,0.0,0.0,2026-06-25T22:13:49,2026-08-25,2026-06-25 22:13:50.005036,0.1643835616438356,0.07,0.02,44.525
TCS,2095.9,1960.0,25-08-2026,CALL,0.0,132.4,0.0,0,0,0.0,0.0,0.0,0.0,0.0,2026-06-25T22:13:49,2026-08-25,2026-06-25 22:13:50.005036,0.1643835616438356,0.07,0.02,66.2
TCS,2095.9,1960.0,25-08-2026,PUT,58.55,20.0,0.0,0,4,0.3446,0.0,0.0,0.0,0.0,2026-06-25T22:13:49,2026-08-25,2026-06-25 22:13:50.005036,0.1643835616438356,0.07,0.02,10.0
TCS,2095.9,2000.0,25-08-2026,CALL,141.0,141.05,146.7,44,106,0.16140000000000002,0.0,0.0,0.0,0.0,2026-06-25T22:13:49,2026-08-25,2026-06-25 22:13:50.005036,0.1643835616438356,0.07,0.02,143.875
TCS,2095.9,2000.0,25-08-2026,PUT,74.05,71.45,74.65,151,271,0.3881,0.0,0.0,0.0,0.0,2026-06-25T22:13:49,2026-08-25,2026-06-25 22:13:50.005036,0.1643835616438356,0.07,0.02,73.05000000000001
TCS,2095.9,2040.0,25-08-2026,PUT,0.0,43.0,0.0,0,0,0.0,0.0,0.0,0.0,0.0,2026-06-25T22:13:49,2026-08-25,2026-06-25 22:13:50.005036,0.1643835616438356,0.07,0.02,21.5
TCS,2095.9,2080.0,25-08-2026,CALL,0.0,73.0,0.0,0,0,0.0,0.0,0.0,0.0,0.0,2026-06-25T22:13:49,2026-08-25,2026-06-25 22:13:50.005036,0.1643835616438356,0.07,0.02,36.5
TCS,2095.9,2080.0,25-08-2026,PUT,89.55,0.0,0.0,3,25,0.3347,0.0,0.0,0.0,0.0,2026-06-25T22:13:49,2026-08-25,2026-06-25 22:13:50.005036,0.1643835616438356,0.07,0.02,0.0
TCS,2095.9,2120.0,25-08-2026,CALL,80.0,0.0,0.0,0,1,0.2691,0.0,0.0,0.0,0.0,2026-06-25T22:13:49,2026-08-25,2026-06-25 22:13:50.005036,0.1643835616438356,0.07,0.02,0.0
TCS,2095.9,2160.0,25-08-2026,CALL,0.0,0.0,0.0,0,0,0.0,0.0,0.0,0.0,0.0,2026-06-25T22:13:49,2026-08-25,2026-06-25 22:13:50.005036,0.1643835616438356,0.07,0.02,0.0
TCS,2095.9,2160.0,25-08-2026,PUT,81.5,72.5,0.0,0,6,0.3194,0.0,0.0,0.0,0.0,2026-06-25T22:13:49,2026-08-25,2026-06-25 22:13:50.005036,0.1643835616438356,0.07,0.02,36.25
TCS,2095.9,2200.0,25-08-2026,CALL,60.0,59.75,62.15,142,441,0.2587,0.0,0.0,0.0,0.0,2026-06-25T22:13:49,2026-08-25,2026-06-25 22:13:50.005036,0.1643835616438356,0.07,0.02,60.95
TCS,2095.9,2200.0,25-08-2026,PUT,192.5,186.25,192.95,28,220,0.4508,0.0,0.0,0.0,0.0,2026-06-25T22:13:49,2026-08-25,2026-06-25 22:13:50.005036,0.1643835616438356,0.07,0.02,189.6
TCS,2095.9,2240.0,25-08-2026,CALL,161.0,0.0,0.0,0,1,0.3146,0.0,0.0,0.0,0.0,2026-06-25T22:13:49,2026-08-25,2026-06-25 22:13:50.005036,0.1643835616438356,0.07,0.02,0.0
TCS,2095.9,2240.0,25-08-2026,PUT,101.0,0.0,0.0,0,1,0.3019,0.0,0.0,0.0,0.0,2026-06-25T22:13:49,2026-08-25,2026-06-25 22:13:50.005036,0.1643835616438356,0.07,0.02,0.0
TCS,2095.9,2280.0,25-08-2026,CALL,0.0,22.6,119.0,0,0,0.0,0.0,0.0,0.0,0.0,2026-06-25T22:13:49,2026-08-25,2026-06-25 22:13:50.005036,0.1643835616438356,0.07,0.02,70.8
TCS,2095.9,2320.0,25-08-2026,CALL,33.0,30.0,0.0,14,17,0.2789,0.0,0.0,0.0,0.0,2026-06-25T22:13:49,2026-08-25,2026-06-25 22:13:50.005036,0.1643835616438356,0.07,0.02,15.0
TCS,2095.9,2400.0,25-08-2026,CALL,21.0,20.45,22.6,78,365,0.28600000000000003,0.0,0.0,0.0,0.0,2026-06-25T22:13:49,2026-08-25,2026-06-25 22:13:50.005036,0.1643835616438356,0.07,0.02,21.525
TCS,2095.9,2400.0,25-08-2026,PUT,333.0,165.0,0.0,0,1,0.5416,0.0,0.0,0.0,0.0,2026-06-25T22:13:49,2026-08-25,2026-06-25 22:13:50.005036,0.1643835616438356,0.07,0.02,82.5
TCS,2095.9,2440.0,25-08-2026,CALL,0.0,5.3,0.0,0,0,0.0,0.0,0.0,0.0,0.0,2026-06-25T22:13:49,2026-08-25,2026-06-25 22:13:50.005036,0.1643835616438356,0.07,0.02,2.65
TCS,2095.9,2480.0,25-08-2026,CALL,60.0,7.1,0.0,0,2,0.2965,0.0,0.0,0.0,0.0,2026-06-25T22:13:49,2026-08-25,2026-06-25 22:13:50.005036,0.1643835616438356,0.07,0.02,3.55
TCS,2095.9,2520.0,25-08-2026,CALL,0.0,3.2,0.0,0,0,0.0,0.0,0.0,0.0,0.0,2026-06-25T22:13:49,2026-08-25,2026-06-25 22:13:50.005036,0.1643835616438356,0.07,0.02,1.6
TCS,2095.9,2560.0,25-08-2026,CALL,9.25,9.25,11.1,11,38,0.3072,0.0,0.0,0.0,0.0,2026-06-25T22:13:49,2026-08-25,2026-06-25 22:13:50.005036,0.1643835616438356,0.07,0.02,10.175
TCS,2095.9,2560.0,25-08-2026,PUT,0.0,280.1,0.0,0,0,0.0,0.0,0.0,0.0,0.0,2026-06-25T22:13:49,2026-08-25,2026-06-25 22:13:50.005036,0.1643835616438356,0.07,0.02,140.05
TCS,2095.9,2600.0,25-08-2026,CALL,0.0,2.3,20.85,0,0,0.0,0.0,0.0,0.0,0.0,2026-06-25T22:13:49,2026-08-25,2026-06-25 22:13:50.005036,0.1643835616438356,0.07,0.02,11.575000000000001
TCS,2095.9,2640.0,25-08-2026,CALL,0.0,1.2,0.0,0,0,0.0,0.0,0.0,0.0,0.0,2026-06-25T22:13:49,2026-08-25,2026-06-25 22:13:50.005036,0.1643835616438356,0.07,0.02,0.6
TCS,2095.9,2680.0,25-08-2026,CALL,0.0,1.3,0.0,0,0,0.0,0.0,0.0,0.0,0.0,2026-06-25T22:13:49,2026-08-25,2026-06-25 22:13:50.005036,0.1643835616438356,0.07,0.02,0.65
TCS,2095.9,2720.0,25-08-2026,CALL,20.2,1.6,14.9,0,2,0.1802,0.0,0.0,0.0,0.0,2026-06-25T22:13:49,2026-08-25,2026-06-25 22:13:50.005036,0.1643835616438356,0.07,0.02,8.25
TCS,2095.9,2720.0,25-08-2026,PUT,0.0,420.1,0.0,0,0,0.0,0.0,0.0,0.0,0.0,2026-06-25T22:13:49,2026-08-25,2026-06-25 22:13:50.005036,0.1643835616438356,0.07,0.02,210.05
TCS,2095.9,2800.0,25-08-2026,CALL,7.0,1.75,6.0,0,8,0.3666,0.0,0.0,0.0,0.0,2026-06-25T22:13:49,2026-08-25,2026-06-25 22:13:50.005036,0.1643835616438356,0.07,0.02,3.875
TCS,2095.9,2800.0,25-08-2026,PUT,0.0,520.1,0.0,0,0,0.0,0.0,0.0,0.0,0.0,2026-06-25T22:13:49,2026-08-25,2026-06-25 22:13:50.005036,0.1643835616438356,0.07,0.02,260.05
TCS,2095.9,2880.0,25-08-2026,CALL,0.0,0.7,9.0,0,0,0.0,0.0,0.0,0.0,0.0,2026-06-25T22:13:49,2026-08-25,2026-06-25 22:13:50.005036,0.1643835616438356,0.07,0.02,4.85
