"Symbol  ","Series  ","Date  ","Prev Close  ","Open Price  ","High Price  ","Low Price  ","Last Price  ","Close Price  ","Average Price ","Total Traded Quantity  ","Turnover ₹  ","No. of Trades  ","Deliverable Qty  ","% Dly Qt to Traded Qty  "
"TCS","EQ","24-Jun-2026","2,059.60","2,061.00","2,120.70","2,061.00","2,107.10","2,109.00","2,093.61","47,47,277","9,93,89,58,483.50","1,80,127","19,09,118","40.22"
"TCS","EQ","23-Jun-2026","2,127.80","2,111.00","2,114.00","2,055.00","2,060.00","2,059.60","2,073.42","63,92,736","13,25,48,06,163.90","2,80,238","34,73,372","54.33"
"TCS","EQ","22-Jun-2026","2,125.00","2,132.20","2,157.00","2,121.00","2,129.50","2,127.80","2,135.79","45,66,101","9,75,22,28,673.00","1,48,495","24,99,593","54.74"
"TCS","EQ","19-Jun-2026","2,203.30","2,105.00","2,138.00","2,059.90","2,135.90","2,125.00","2,089.19","1,32,86,502","27,75,80,42,714.10","4,81,812","68,80,131","51.78"
"TCS","EQ","18-Jun-2026","2,223.00","2,209.00","2,214.00","2,182.00","2,202.50","2,203.30","2,197.22","37,35,188","8,20,70,25,076.50","1,41,783","19,51,368","52.24"
"TCS","EQ","17-Jun-2026","2,199.00","2,209.00","2,231.00","2,200.70","2,221.00","2,223.00","2,220.40","28,65,010","6,36,14,71,428.90","1,07,237","15,38,998","53.72"
"TCS","EQ","16-Jun-2026","2,162.00","2,167.00","2,209.00","2,160.60","2,197.90","2,199.00","2,189.97","30,79,898","6,74,48,89,594.10","1,20,376","13,14,406","42.68"
"TCS","EQ","15-Jun-2026","2,161.40","2,192.00","2,192.00","2,159.30","2,162.60","2,162.00","2,170.27","33,37,083","7,24,23,75,099.40","1,13,160","20,04,587","60.07"
"TCS","EQ","12-Jun-2026","2,135.60","2,150.00","2,168.00","2,138.00","2,161.10","2,161.40","2,153.15","21,24,656","4,57,46,95,142.60","98,414","9,10,656","42.86"
"TCS","EQ","11-Jun-2026","2,153.90","2,127.00","2,154.60","2,110.00","2,136.70","2,135.60","2,132.03","30,79,815","6,56,62,43,978.90","1,46,700","9,56,732","31.06"
"TCS","EQ","10-Jun-2026","2,151.00","2,151.30","2,180.80","2,144.80","2,151.80","2,153.90","2,162.42","28,48,650","6,15,99,63,945.60","1,09,866","13,74,325","48.24"
"TCS","EQ","09-Jun-2026","2,151.40","2,174.00","2,174.00","2,132.80","2,152.00","2,151.00","2,148.74","41,48,655","8,91,43,99,373.70","1,37,800","18,93,020","45.63"
"TCS","EQ","08-Jun-2026","2,198.90","2,170.00","2,177.00","2,143.30","2,149.40","2,151.40","2,158.30","65,36,734","14,10,82,36,765.00","1,97,493","35,83,697","54.82"
"TCS","EQ","05-Jun-2026","2,241.00","2,262.90","2,271.80","2,192.00","2,196.00","2,198.90","2,219.87","50,19,717","11,14,31,26,655.80","2,26,269","23,37,405","46.56"
"TCS","EQ","04-Jun-2026","2,241.70","2,241.70","2,253.10","2,216.60","2,243.00","2,241.00","2,236.45","48,67,263","10,88,54,12,981.10","1,56,136","20,46,859","42.05"
"TCS","EQ","03-Jun-2026","2,446.90","2,393.00","2,393.00","2,224.80","2,245.00","2,241.70","2,267.78","1,56,60,062","35,51,36,38,076.70","5,02,630","69,71,192","44.52"
"TCS","EQ","02-Jun-2026","2,297.40","2,320.00","2,457.40","2,316.20","2,451.10","2,446.90","2,419.08","1,13,06,127","27,35,04,73,864.60","3,66,391","58,81,072","52.02"
"TCS","EQ","01-Jun-2026","2,258.90","2,284.00","2,335.00","2,280.00","2,296.40","2,297.40","2,300.81","75,05,095","17,26,77,97,717.50","1,54,067","48,05,276","64.03"
"TCS","EQ","29-May-2026","2,284.20","2,291.00","2,334.00","2,235.00","2,256.00","2,258.90","2,271.96","1,63,31,582","37,10,46,29,642.30","2,31,376","1,13,46,245","69.47"
"TCS","EQ","27-May-2026","2,276.20","2,275.00","2,295.60","2,260.90","2,289.90","2,284.20","2,276.47","26,53,950","6,04,16,27,688.20","1,23,480","12,89,140","48.57"
"TCS","EQ","26-May-2026","2,308.20","2,308.20","2,327.90","2,272.40","2,281.40","2,276.20","2,289.98","35,87,597","8,21,55,34,119.50","1,30,719","18,10,291","50.46"
"TCS","EQ","25-May-2026","2,317.30","2,325.00","2,326.10","2,293.00","2,307.40","2,308.20","2,310.30","32,98,364","7,62,02,24,109.50","75,809","20,96,906","63.57"
"TCS","EQ","22-May-2026","2,327.20","2,331.10","2,340.00","2,308.10","2,317.90","2,317.30","2,323.55","26,17,262","6,08,13,46,029.20","87,846","14,41,496","55.08"
"TCS","EQ","21-May-2026","2,327.40","2,331.00","2,335.90","2,314.00","2,325.40","2,327.20","2,324.25","32,99,087","7,66,79,13,393.70","1,06,203","15,24,694","46.22"
"TCS","EQ","20-May-2026","2,327.10","2,323.90","2,342.00","2,317.80","2,324.10","2,327.40","2,332.61","25,37,422","5,91,88,03,274.80","98,920","14,19,151","55.93"
"TCS","EQ","19-May-2026","2,283.20","2,300.00","2,377.60","2,297.10","2,330.00","2,327.10","2,347.34","1,03,94,707","24,39,98,67,016.00","2,36,124","55,21,832","53.12"
"TCS","EQ","18-May-2026","2,264.00","2,264.00","2,292.90","2,252.20","2,289.90","2,283.20","2,277.12","37,73,336","8,59,23,31,857.60","1,18,965","19,29,481","51.13"
"TCS","EQ","15-May-2026","2,246.00","2,252.00","2,304.90","2,252.00","2,267.00","2,264.00","2,280.06","34,10,637","7,77,64,69,684.80","1,35,890","14,87,406","43.61"
"TCS","EQ","14-May-2026","2,272.80","2,265.00","2,265.00","2,206.40","2,249.90","2,246.00","2,236.83","56,33,313","12,60,07,36,362.00","2,41,132","22,56,075","40.05"
"TCS","EQ","13-May-2026","2,300.30","2,306.00","2,309.20","2,269.00","2,274.00","2,272.80","2,285.14","31,71,843","7,24,80,98,371.80","1,69,055","15,57,378","49.10"
"TCS","EQ","12-May-2026","2,392.90","2,375.00","2,375.00","2,283.00","2,303.50","2,300.30","2,302.30","63,47,884","14,61,47,16,645.60","3,58,785","31,08,189","48.96"
"TCS","EQ","11-May-2026","2,394.40","2,371.00","2,415.00","2,371.00","2,400.00","2,392.90","2,397.63","19,75,188","4,73,57,75,184.10","1,16,550","9,38,571","47.52"
"TCS","EQ","08-May-2026","2,401.40","2,398.00","2,407.00","2,375.10","2,397.20","2,394.40","2,387.75","37,92,199","9,05,48,24,056.00","1,84,241","21,53,814","56.80"
"TCS","EQ","07-May-2026","2,435.40","2,438.20","2,439.70","2,398.00","2,403.00","2,401.40","2,408.44","58,29,594","14,04,02,48,979.00","1,67,098","36,69,201","62.94"
"TCS","EQ","06-May-2026","2,427.30","2,441.90","2,471.00","2,406.50","2,435.00","2,435.40","2,433.81","31,47,628","7,66,07,43,017.80","1,30,239","16,32,690","51.87"
"TCS","EQ","05-May-2026","2,431.30","2,430.00","2,460.40","2,412.20","2,429.80","2,427.30","2,432.41","33,85,720","8,23,54,52,650.20","1,34,489","13,21,644","39.04"
"TCS","EQ","04-May-2026","2,473.90","2,494.00","2,498.30","2,425.00","2,430.00","2,431.30","2,444.12","26,32,358","6,43,37,88,855.30","1,45,629","13,61,452","51.72"
"TCS","EQ","30-Apr-2026","2,474.70","2,479.00","2,491.00","2,438.00","2,474.80","2,473.90","2,470.47","39,70,446","9,80,88,81,103.10","1,75,405","18,66,712","47.02"
"TCS","EQ","29-Apr-2026","2,444.70","2,451.00","2,487.90","2,447.60","2,465.00","2,474.70","2,473.75","28,35,961","7,01,54,68,503.50","1,45,414","15,45,412","54.49"
"TCS","EQ","28-Apr-2026","2,447.60","2,444.00","2,487.00","2,427.40","2,450.70","2,444.70","2,452.87","45,08,363","11,05,84,22,250.70","2,02,414","27,66,449","61.36"
"TCS","EQ","27-Apr-2026","2,396.90","2,396.90","2,459.00","2,396.90","2,448.00","2,447.60","2,439.56","58,53,425","14,27,98,01,556.70","2,26,406","40,94,096","69.94"
"TCS","EQ","24-Apr-2026","2,521.80","2,488.00","2,505.00","2,388.80","2,401.00","2,396.90","2,426.09","51,07,719","12,39,18,09,512.40","3,00,607","28,43,963","55.68"
"TCS","EQ","23-Apr-2026","2,538.50","2,529.00","2,559.50","2,516.30","2,518.20","2,521.80","2,538.03","25,09,050","6,36,80,42,336.20","1,16,013","11,71,845","46.70"
"TCS","EQ","22-Apr-2026","2,610.50","2,580.00","2,580.00","2,503.60","2,535.30","2,538.50","2,543.73","52,32,045","13,30,89,11,672.10","2,34,440","28,56,832","54.60"
"TCS","EQ","21-Apr-2026","2,579.60","2,560.00","2,614.00","2,560.00","2,609.90","2,610.50","2,596.45","27,19,959","7,06,22,45,701.10","1,26,132","12,65,960","46.54"
"TCS","EQ","20-Apr-2026","2,581.50","2,587.10","2,594.00","2,561.20","2,575.90","2,579.60","2,581.08","22,88,558","5,90,69,41,172.80","1,24,006","11,39,385","49.79"
"TCS","EQ","17-Apr-2026","2,576.90","2,570.00","2,589.00","2,555.90","2,583.60","2,581.50","2,577.98","27,18,206","7,00,74,72,973.50","1,31,272","16,79,683","61.79"
"TCS","EQ","16-Apr-2026","2,554.90","2,572.00","2,594.00","2,558.00","2,573.00","2,576.90","2,575.26","39,05,403","10,05,74,27,039.80","1,74,580","15,80,219","40.46"
"TCS","EQ","15-Apr-2026","2,472.60","2,501.90","2,559.00","2,493.40","2,552.80","2,554.90","2,542.02","52,61,384","13,37,45,54,360.50","1,86,444","27,40,311","52.08"
"TCS","EQ","13-Apr-2026","2,524.30","2,489.90","2,504.90","2,470.00","2,470.70","2,472.60","2,480.40","37,39,587","9,27,56,88,865.00","1,52,183","14,63,604","39.14"
"TCS","EQ","10-Apr-2026","2,589.00","2,565.80","2,565.80","2,501.10","2,523.00","2,524.30","2,522.67","1,04,80,239","26,43,82,19,057.00","3,73,922","43,80,270","41.80"
"TCS","EQ","09-Apr-2026","2,559.20","2,554.00","2,605.00","2,531.10","2,590.00","2,589.00","2,577.84","56,28,261","14,50,87,58,087.80","2,18,190","20,13,800","35.78"
"TCS","EQ","08-Apr-2026","2,539.80","2,572.00","2,580.30","2,540.10","2,561.10","2,559.20","2,557.13","47,69,337","12,19,58,04,701.30","2,36,001","21,66,392","45.42"
"TCS","EQ","07-Apr-2026","2,473.90","2,461.00","2,543.90","2,448.00","2,543.50","2,539.80","2,522.72","45,16,550","11,39,39,81,114.00","2,19,120","23,00,163","50.93"
"TCS","EQ","06-Apr-2026","2,450.70","2,474.00","2,482.00","2,448.20","2,472.00","2,473.90","2,465.46","25,72,417","6,34,21,91,751.10","1,18,175","11,58,875","45.05"
"TCS","EQ","02-Apr-2026","2,408.20","2,386.00","2,469.90","2,375.70","2,445.70","2,450.70","2,428.65","53,78,361","13,06,21,62,395.40","2,53,292","28,10,101","52.25"
"TCS","EQ","01-Apr-2026","2,358.90","2,429.00","2,472.00","2,397.90","2,411.20","2,408.20","2,433.70","41,32,661","10,05,76,37,617.80","1,47,044","19,75,037","47.79"
"TCS","EQ","30-Mar-2026","2,389.80","2,375.10","2,398.00","2,346.20","2,365.00","2,358.90","2,370.92","68,04,756","16,13,35,42,829.30","1,86,938","35,20,605","51.74"
"TCS","EQ","27-Mar-2026","2,377.40","2,403.90","2,422.10","2,385.00","2,387.50","2,389.80","2,403.64","49,79,411","11,96,86,98,699.20","2,04,594","24,29,797","48.80"
"TCS","EQ","25-Mar-2026","2,398.80","2,400.90","2,421.60","2,369.80","2,377.90","2,377.40","2,397.29","58,43,778","14,00,92,57,427.90","2,16,118","36,97,949","63.28"
"TCS","EQ","24-Mar-2026","2,383.80","2,404.10","2,435.40","2,379.10","2,400.80","2,398.80","2,405.63","34,20,182","8,22,77,06,052.40","1,74,467","17,73,798","51.86"
"TCS","EQ","23-Mar-2026","2,390.60","2,365.00","2,406.80","2,348.00","2,380.00","2,383.80","2,389.12","38,60,515","9,22,32,42,939.10","2,14,767","17,19,448","44.54"
"TCS","EQ","20-Mar-2026","2,356.00","2,386.00","2,407.80","2,364.20","2,397.60","2,390.60","2,384.64","42,06,320","10,03,05,76,230.90","1,86,293","24,35,470","57.90"
"TCS","EQ","19-Mar-2026","2,440.80","2,417.00","2,424.00","2,350.20","2,362.80","2,356.00","2,378.78","27,57,060","6,55,84,45,932.60","1,71,760","14,12,111","51.22"
"TCS","EQ","18-Mar-2026","2,391.70","2,410.00","2,482.90","2,410.00","2,439.00","2,440.80","2,457.23","30,82,388","7,57,41,39,825.80","1,49,271","12,09,087","39.23"
"TCS","EQ","17-Mar-2026","2,409.20","2,420.00","2,420.00","2,360.00","2,394.00","2,391.70","2,387.21","29,93,367","7,14,58,03,596.00","2,07,239","14,19,384","47.42"
"TCS","EQ","16-Mar-2026","2,410.50","2,410.00","2,425.00","2,366.10","2,401.00","2,409.20","2,394.18","38,07,907","9,11,68,14,433.00","1,69,215","17,14,733","45.03"
"TCS","EQ","13-Mar-2026","2,442.40","2,437.00","2,445.90","2,397.00","2,412.00","2,410.50","2,418.06","24,66,488","5,96,41,19,962.40","1,80,674","12,62,517","51.19"
"TCS","EQ","12-Mar-2026","2,464.90","2,459.80","2,472.90","2,436.00","2,447.00","2,442.40","2,450.97","27,52,075","6,74,52,52,596.10","1,65,970","13,19,312","47.94"
"TCS","EQ","11-Mar-2026","2,513.10","2,508.10","2,521.00","2,460.10","2,463.00","2,464.90","2,482.92","27,20,664","6,75,52,04,516.50","1,92,326","14,33,802","52.70"
"TCS","EQ","10-Mar-2026","2,527.40","2,541.00","2,545.20","2,490.10","2,517.40","2,513.10","2,507.26","43,23,710","10,84,06,45,308.20","2,14,008","23,72,694","54.88"
"TCS","EQ","09-Mar-2026","2,557.60","2,530.00","2,560.00","2,505.00","2,527.80","2,527.40","2,525.33","36,53,428","9,22,61,03,997.60","1,91,560","18,97,338","51.93"
"TCS","EQ","06-Mar-2026","2,578.80","2,572.00","2,619.20","2,553.60","2,560.00","2,557.60","2,581.54","39,98,643","10,32,26,55,875.30","1,43,599","25,97,729","64.97"
"TCS","EQ","05-Mar-2026","2,587.80","2,600.00","2,609.50","2,546.40","2,575.00","2,578.80","2,567.95","29,60,636","7,60,27,67,475.60","1,86,527","10,90,558","36.84"
"TCS","EQ","04-Mar-2026","2,613.50","2,625.00","2,635.00","2,580.40","2,583.00","2,587.80","2,598.18","34,46,434","8,95,44,59,042.60","1,93,409","19,05,680","55.29"
"TCS","EQ","02-Mar-2026","2,637.40","2,592.00","2,623.80","2,580.30","2,611.70","2,613.50","2,606.37","33,74,385","8,79,48,98,070.10","2,27,265","16,08,755","47.68"
"TCS","EQ","27-Feb-2026","2,647.70","2,681.60","2,688.60","2,626.10","2,639.70","2,637.40","2,644.90","50,83,717","13,44,59,33,670.90","1,66,737","33,00,124","64.92"
"TCS","EQ","26-Feb-2026","2,629.30","2,650.00","2,671.00","2,635.00","2,649.00","2,647.70","2,649.37","34,64,267","9,17,81,07,812.80","1,48,371","15,82,112","45.67"
"TCS","EQ","25-Feb-2026","2,573.70","2,596.00","2,654.20","2,595.00","2,629.00","2,629.30","2,632.16","36,21,285","9,53,17,84,527.20","1,70,312","15,84,614","43.76"
"TCS","EQ","24-Feb-2026","2,676.30","2,641.00","2,647.50","2,561.30","2,581.00","2,573.70","2,586.99","77,98,833","20,17,55,18,856.60","4,24,406","48,12,488","61.71"
"TCS","EQ","23-Feb-2026","2,686.20","2,686.00","2,704.00","2,660.20","2,674.00","2,676.30","2,675.99","46,99,596","12,57,60,73,695.10","1,71,914","32,14,650","68.40"
"TCS","EQ","20-Feb-2026","2,677.90","2,667.00","2,702.60","2,647.50","2,685.00","2,686.20","2,684.40","22,93,482","6,15,66,33,439.20","98,725","9,66,093","42.12"
"TCS","EQ","19-Feb-2026","2,694.90","2,708.00","2,748.70","2,666.60","2,675.00","2,677.90","2,709.33","32,38,849","8,77,50,99,079.90","1,37,884","13,01,446","40.18"
"TCS","EQ","18-Feb-2026","2,717.40","2,730.00","2,730.00","2,657.30","2,694.50","2,694.90","2,687.82","29,50,820","7,93,12,64,158.60","1,40,494","13,36,904","45.31"
"TCS","EQ","17-Feb-2026","2,706.60","2,716.00","2,760.00","2,695.20","2,719.80","2,717.40","2,735.60","42,09,118","11,51,44,52,779.90","1,63,505","15,24,494","36.22"
"TCS","EQ","16-Feb-2026","2,692.20","2,700.00","2,719.80","2,671.00","2,713.00","2,706.60","2,692.22","29,18,730","7,85,78,74,541.60","1,34,363","12,61,501","43.22"
"TCS","EQ","13-Feb-2026","2,750.10","2,585.00","2,713.00","2,585.00","2,695.00","2,692.20","2,649.41","1,11,68,735","29,59,05,99,535.80","4,15,060","46,53,582","41.67"
"TCS","EQ","12-Feb-2026","2,909.80","2,869.80","2,880.00","2,740.00","2,741.90","2,750.10","2,778.17","1,06,12,156","29,48,23,35,572.60","6,60,406","61,90,643","58.34"
"TCS","EQ","11-Feb-2026","2,984.60","2,980.00","2,998.00","2,904.20","2,909.00","2,909.80","2,938.39","33,63,513","9,88,33,23,310.30","2,37,669","22,00,770","65.43"
"TCS","EQ","10-Feb-2026","2,948.20","2,949.80","3,011.60","2,943.50","2,983.00","2,984.60","2,985.30","35,47,763","10,59,11,45,975.60","2,20,699","20,15,776","56.82"
"TCS","EQ","09-Feb-2026","2,941.60","2,959.10","2,977.00","2,937.50","2,951.00","2,948.20","2,949.18","23,80,318","7,01,99,76,408.70","1,41,131","15,57,664","65.44"
"TCS","EQ","06-Feb-2026","2,991.50","2,976.60","2,985.00","2,916.00","2,940.30","2,941.60","2,934.09","46,87,389","13,75,32,36,280.20","3,47,514","28,49,084","60.78"
"TCS","EQ","05-Feb-2026","2,999.10","2,990.00","3,029.70","2,972.30","2,991.70","2,991.50","3,000.10","35,21,545","10,56,50,02,490.30","1,78,696","17,52,189","49.76"
"TCS","EQ","04-Feb-2026","3,225.30","3,120.00","3,120.00","2,986.00","2,999.90","2,999.10","3,020.56","1,08,52,595","32,78,09,47,704.20","5,03,705","65,86,991","60.70"
"TCS","EQ","03-Feb-2026","3,169.60","3,350.00","3,350.00","3,186.30","3,220.00","3,225.30","3,231.27","43,66,060","14,10,79,06,461.20","2,04,924","25,37,328","58.11"
"TCS","EQ","02-Feb-2026","3,186.90","3,198.00","3,198.00","3,134.00","3,167.00","3,169.60","3,164.69","26,36,272","8,34,29,86,354.50","1,08,170","15,85,558","60.14"
"TCS","EQ","01-Feb-2026","3,123.90","3,123.80","3,234.00","3,105.20","3,178.20","3,186.90","3,182.48","30,12,937","9,58,86,09,199.60","1,45,412","12,20,232","40.50"
"TCS","EQ","30-Jan-2026","3,144.40","3,141.00","3,141.00","3,092.00","3,129.00","3,123.90","3,121.64","30,22,068","9,43,38,21,429.30","80,949","21,01,964","69.55"
"TCS","EQ","29-Jan-2026","3,200.10","3,200.10","3,200.10","3,125.60","3,139.00","3,144.40","3,143.88","24,57,641","7,72,65,26,569.30","1,20,763","14,24,483","57.96"
"TCS","EQ","28-Jan-2026","3,158.00","3,176.00","3,205.20","3,170.60","3,199.00","3,200.10","3,191.18","27,51,234","8,77,96,79,675.40","1,51,790","20,76,924","75.49"
"TCS","EQ","27-Jan-2026","3,162.50","3,175.00","3,175.00","3,130.00","3,167.00","3,158.00","3,146.85","42,79,874","13,46,81,14,372.20","1,49,619","29,99,663","70.09"
"TCS","EQ","23-Jan-2026","3,150.40","3,190.30","3,194.50","3,152.00","3,157.00","3,162.50","3,176.59","20,68,857","6,57,19,05,073.60","89,144","12,18,491","58.90"
"TCS","EQ","22-Jan-2026","3,122.60","3,150.00","3,160.00","3,122.30","3,152.20","3,150.40","3,142.82","22,69,827","7,13,36,63,295.30","91,528","12,34,423","54.38"
"TCS","EQ","21-Jan-2026","3,102.30","3,100.00","3,138.50","3,082.00","3,122.00","3,122.60","3,112.68","20,15,150","6,27,25,10,286.10","1,38,565","10,47,132","51.96"
"TCS","EQ","20-Jan-2026","3,163.60","3,151.60","3,160.00","3,091.10","3,104.20","3,102.30","3,127.35","44,99,273","14,07,08,02,629.30","1,52,322","29,37,139","65.28"
"TCS","EQ","19-Jan-2026","3,206.70","3,188.00","3,220.00","3,152.10","3,161.00","3,163.60","3,168.85","33,87,562","10,73,46,71,175.00","1,77,858","22,79,253","67.28"
"TCS","EQ","16-Jan-2026","3,192.50","3,219.40","3,221.90","3,171.00","3,209.00","3,206.70","3,200.62","42,93,470","13,74,17,76,327.90","1,49,121","26,49,992","61.72"
"TCS","EQ","14-Jan-2026","3,268.00","3,260.00","3,260.00","3,183.00","3,197.80","3,192.50","3,205.64","35,39,511","11,34,63,86,248.00","1,46,477","22,36,476","63.19"
"TCS","EQ","13-Jan-2026","3,239.60","3,245.00","3,280.00","3,210.50","3,263.00","3,268.00","3,251.44","56,45,341","18,35,54,97,917.00","1,98,353","29,28,026","51.87"
"TCS","EQ","12-Jan-2026","3,207.80","3,203.00","3,252.00","3,174.30","3,243.00","3,239.60","3,212.14","22,28,342","7,15,77,53,630.70","1,26,371","11,79,907","52.95"
"TCS","EQ","09-Jan-2026","3,203.90","3,191.00","3,229.70","3,191.00","3,212.60","3,207.80","3,209.44","19,38,673","6,22,20,59,522.60","1,34,640","11,63,231","60.00"
"TCS","EQ","08-Jan-2026","3,295.60","3,286.90","3,286.90","3,182.00","3,196.00","3,203.90","3,211.48","41,59,336","13,35,76,35,924.00","1,91,554","23,32,774","56.09"
"TCS","EQ","07-Jan-2026","3,255.80","3,242.90","3,300.60","3,223.20","3,294.00","3,295.60","3,284.64","19,89,442","6,53,45,92,137.10","87,338","11,87,319","59.68"
"TCS","EQ","06-Jan-2026","3,216.10","3,210.00","3,263.20","3,205.00","3,256.80","3,255.80","3,242.40","29,12,325","9,44,29,29,253.60","1,63,408","21,76,224","74.72"
"TCS","EQ","05-Jan-2026","3,250.70","3,240.50","3,247.00","3,191.00","3,213.00","3,216.10","3,220.21","23,41,703","7,54,07,84,169.40","1,15,281","14,88,966","63.58"
"TCS","EQ","02-Jan-2026","3,227.40","3,234.00","3,254.30","3,219.50","3,245.70","3,250.70","3,241.10","11,84,324","3,83,85,16,572.70","63,356","7,43,388","62.77"
"TCS","EQ","01-Jan-2026","3,206.20","3,215.00","3,234.10","3,198.20","3,225.00","3,227.40","3,219.97","12,55,735","4,04,34,25,200.10","56,642","4,97,590","39.63"
"TCS","EQ","31-Dec-2025","3,246.80","3,240.00","3,246.00","3,198.50","3,210.00","3,206.20","3,216.08","33,62,634","10,81,45,02,991.90","1,45,683","24,28,193","72.21"
"TCS","EQ","30-Dec-2025","3,251.50","3,250.00","3,267.50","3,239.50","3,255.00","3,246.80","3,250.64","28,07,593","9,12,64,73,823.50","1,84,541","19,39,014","69.06"
"TCS","EQ","29-Dec-2025","3,280.00","3,280.00","3,288.00","3,242.90","3,256.00","3,251.50","3,254.98","20,79,473","6,76,86,50,796.40","1,17,390","14,03,152","67.48"
"TCS","EQ","26-Dec-2025","3,319.00","3,313.10","3,320.00","3,271.80","3,276.80","3,280.00","3,287.91","11,76,664","3,86,87,59,940.60","89,363","7,38,341","62.75"
"TCS","EQ","24-Dec-2025","3,310.00","3,304.10","3,327.10","3,296.10","3,313.10","3,319.00","3,312.41","13,67,708","4,53,04,13,590.90","84,873","7,53,755","55.11"
"TCS","EQ","23-Dec-2025","3,324.90","3,319.90","3,319.90","3,293.50","3,305.10","3,310.00","3,304.76","23,65,420","7,81,71,55,849.90","1,39,216","10,69,663","45.22"
"TCS","EQ","22-Dec-2025","3,282.00","3,310.00","3,328.60","3,291.00","3,324.90","3,324.90","3,314.14","26,32,816","8,72,55,23,457.10","1,01,733","17,33,705","65.85"
"TCS","EQ","19-Dec-2025","3,280.80","3,299.00","3,317.90","3,278.80","3,285.00","3,282.00","3,295.00","39,02,511","12,85,87,80,664.30","1,22,711","24,37,494","62.46"
"TCS","EQ","18-Dec-2025","3,217.80","3,228.00","3,287.80","3,221.00","3,281.20","3,280.80","3,260.45","23,07,422","7,52,32,25,819.80","1,66,551","11,85,210","51.37"
"TCS","EQ","17-Dec-2025","3,205.10","3,200.50","3,236.90","3,200.50","3,217.80","3,217.80","3,218.60","13,76,350","4,42,99,15,958.70","88,357","8,21,318","59.67"
"TCS","EQ","16-Dec-2025","3,230.20","3,220.00","3,220.00","3,191.10","3,206.60","3,205.10","3,204.68","17,34,623","5,55,89,13,487.80","97,265","10,29,972","59.38"
"TCS","EQ","15-Dec-2025","3,220.50","3,211.10","3,238.20","3,197.30","3,227.00","3,230.20","3,220.97","15,62,190","5,03,17,66,680.70","1,07,289","9,70,452","62.12"
"TCS","EQ","12-Dec-2025","3,191.90","3,197.70","3,223.00","3,185.70","3,220.10","3,220.50","3,209.12","11,46,554","3,67,94,24,706.90","83,968","7,40,058","64.55"
"TCS","EQ","11-Dec-2025","3,189.20","3,205.00","3,208.40","3,153.10","3,193.90","3,191.90","3,184.35","19,14,362","6,09,59,95,407.30","1,00,793","9,44,111","49.32"
"TCS","EQ","10-Dec-2025","3,208.30","3,225.00","3,225.00","3,178.10","3,185.00","3,189.20","3,191.56","13,86,849","4,42,62,07,513.50","82,261","7,22,010","52.06"
"TCS","EQ","09-Dec-2025","3,236.50","3,230.00","3,233.70","3,181.20","3,208.00","3,208.30","3,201.08","27,34,893","8,75,46,08,897.60","1,38,787","12,62,341","46.16"
"TCS","EQ","08-Dec-2025","3,238.20","3,243.00","3,259.90","3,208.60","3,237.90","3,236.50","3,236.92","25,44,725","8,23,70,58,645.90","1,21,186","15,36,350","60.37"
"TCS","EQ","05-Dec-2025","3,229.20","3,230.00","3,271.60","3,222.40","3,241.00","3,238.20","3,246.03","52,44,013","17,02,22,14,888.30","1,78,219","32,39,404","61.77"
"TCS","EQ","04-Dec-2025","3,180.00","3,194.00","3,250.00","3,187.40","3,227.00","3,229.20","3,231.21","50,25,905","16,23,97,49,623.20","1,85,585","33,63,573","66.92"
"TCS","EQ","03-Dec-2025","3,135.70","3,140.00","3,211.90","3,139.00","3,180.00","3,180.00","3,185.48","39,52,112","12,58,93,78,283.40","1,92,454","21,22,464","53.70"
"TCS","EQ","02-Dec-2025","3,133.40","3,131.00","3,144.00","3,120.40","3,137.50","3,135.70","3,133.36","25,12,003","7,87,10,11,640.60","1,27,701","16,03,990","63.85"
"TCS","EQ","01-Dec-2025","3,137.50","3,137.90","3,154.00","3,122.20","3,138.00","3,133.40","3,133.29","17,47,647","5,47,58,78,282.20","1,30,698","10,72,880","61.39"
"TCS","EQ","28-Nov-2025","3,136.60","3,140.00","3,147.30","3,125.00","3,135.90","3,137.50","3,137.82","16,16,690","5,07,28,88,841.30","79,463","10,02,178","61.99"
"TCS","EQ","27-Nov-2025","3,162.90","3,180.00","3,180.00","3,125.00","3,134.00","3,136.60","3,142.97","28,36,233","8,91,41,92,099.10","1,71,374","16,56,213","58.39"
"TCS","EQ","26-Nov-2025","3,119.20","3,118.80","3,178.00","3,117.00","3,162.90","3,162.90","3,157.95","25,08,527","7,92,18,09,747.00","1,12,405","16,16,953","64.46"
"TCS","EQ","25-Nov-2025","3,141.20","3,145.30","3,149.80","3,115.00","3,115.70","3,119.20","3,127.55","27,37,920","8,56,29,68,101.70","1,44,573","16,19,081","59.14"
"TCS","EQ","24-Nov-2025","3,150.60","3,158.00","3,178.90","3,131.00","3,134.00","3,141.20","3,151.71","67,03,764","21,12,83,17,183.50","1,76,937","47,63,581","71.06"
"TCS","EQ","21-Nov-2025","3,144.80","3,144.80","3,170.00","3,135.20","3,150.00","3,150.60","3,153.22","41,77,037","13,17,11,33,172.80","1,36,571","22,77,567","54.53"
"TCS","EQ","20-Nov-2025","3,147.70","3,148.00","3,164.50","3,138.10","3,149.80","3,144.80","3,152.05","27,00,767","8,51,29,40,687.70","1,13,822","14,67,605","54.34"
"TCS","EQ","19-Nov-2025","3,087.10","3,097.00","3,155.00","3,083.50","3,147.00","3,147.70","3,136.67","31,51,053","9,88,38,20,509.80","1,60,625","17,88,158","56.75"
"TCS","EQ","18-Nov-2025","3,102.20","3,102.00","3,105.00","3,078.00","3,080.10","3,087.10","3,090.92","25,48,350","7,87,67,55,648.90","1,10,903","14,03,839","55.09"
"TCS","EQ","17-Nov-2025","3,106.00","3,106.00","3,123.50","3,086.60","3,100.00","3,102.20","3,099.87","22,32,853","6,92,15,46,326.90","96,155","13,88,889","62.20"
"TCS","EQ","14-Nov-2025","3,105.70","3,090.00","3,113.10","3,077.30","3,112.00","3,106.00","3,095.35","22,10,794","6,84,31,77,119.90","1,05,008","15,41,959","69.75"
"TCS","EQ","13-Nov-2025","3,131.80","3,131.80","3,131.90","3,102.00","3,104.80","3,105.70","3,113.07","17,40,435","5,41,80,91,012.50","1,20,845","10,55,344","60.64"
"TCS","EQ","12-Nov-2025","3,047.00","3,060.00","3,136.40","3,057.10","3,125.10","3,131.80","3,114.78","44,60,315","13,89,29,02,410.20","1,75,446","30,15,019","67.60"
"TCS","EQ","11-Nov-2025","3,025.20","3,045.00","3,055.70","3,018.00","3,049.00","3,047.00","3,037.03","28,06,868","8,52,45,41,738.50","1,12,361","13,42,988","47.85"
"TCS","EQ","10-Nov-2025","2,991.80","2,993.00","3,047.90","2,992.00","3,025.00","3,025.20","3,022.51","15,56,656","4,70,50,08,219.70","78,119","8,16,069","52.42"
"TCS","EQ","07-Nov-2025","3,010.90","3,001.00","3,004.00","2,960.50","2,993.50","2,991.80","2,979.65","18,30,520","5,45,43,08,584.30","1,06,949","11,09,024","60.59"
"TCS","EQ","06-Nov-2025","2,990.20","2,990.10","3,024.00","2,990.00","3,010.00","3,010.90","3,010.50","25,42,721","7,65,48,60,638.80","2,00,775","14,13,297","55.58"
"TCS","EQ","04-Nov-2025","3,016.80","3,019.60","3,029.30","2,976.00","2,987.70","2,990.20","2,992.11","26,70,720","7,99,10,78,689.60","1,68,525","14,83,484","55.55"
"TCS","EQ","03-Nov-2025","3,058.00","3,046.90","3,058.00","3,010.00","3,019.50","3,016.80","3,024.83","21,94,877","6,63,91,24,030.70","1,01,452","13,36,910","60.91"
"TCS","EQ","31-Oct-2025","3,035.30","3,035.00","3,067.40","3,025.10","3,060.00","3,058.00","3,055.61","18,68,085","5,70,81,36,334.30","81,376","10,61,052","56.80"
"TCS","EQ","30-Oct-2025","3,057.60","3,049.10","3,063.80","3,032.80","3,035.50","3,035.30","3,039.99","22,41,536","6,81,42,45,032.00","1,15,244","14,19,911","63.35"
"TCS","EQ","29-Oct-2025","3,057.90","3,057.90","3,076.00","3,046.10","3,060.00","3,057.60","3,061.14","28,95,420","8,86,32,86,092.50","1,16,138","20,28,880","70.07"
"TCS","EQ","28-Oct-2025","3,084.90","3,076.00","3,090.20","3,040.20","3,059.80","3,057.90","3,059.27","34,70,737","10,61,79,38,168.30","1,40,326","18,58,414","53.55"
"TCS","EQ","27-Oct-2025","3,063.20","3,066.50","3,094.20","3,060.20","3,083.00","3,084.90","3,083.94","19,46,312","6,00,23,14,206.60","85,517","12,79,790","65.75"
"TCS","EQ","24-Oct-2025","3,073.20","3,080.00","3,090.00","3,058.30","3,060.60","3,063.20","3,073.62","26,84,318","8,25,05,73,087.80","1,87,127","17,40,995","64.86"
"TCS","EQ","23-Oct-2025","3,006.70","3,055.00","3,098.00","3,036.10","3,070.00","3,073.20","3,075.63","55,64,758","17,11,51,35,296.00","2,90,229","35,39,362","63.60"
"TCS","EQ","21-Oct-2025","3,015.20","3,031.10","3,031.80","2,996.00","3,000.00","3,006.70","3,013.14","3,10,644","93,60,15,414.70","29,319","1,99,309","64.17"
"TCS","EQ","20-Oct-2025","2,962.20","2,985.50","3,023.00","2,978.50","3,016.30","3,015.20","3,007.54","31,33,039","9,42,27,54,243.30","1,63,532","17,65,113","56.34"
"TCS","EQ","17-Oct-2025","2,970.70","2,970.00","2,988.80","2,955.40","2,963.00","2,962.20","2,967.59","43,74,683","12,98,22,48,748.30","1,65,312","29,44,104","67.30"
"TCS","EQ","16-Oct-2025","2,969.80","2,969.90","2,975.00","2,943.10","2,971.80","2,970.70","2,961.98","32,51,495","9,63,08,75,594.50","1,97,293","19,09,746","58.73"
"TCS","EQ","15-Oct-2025","2,960.30","2,971.00","2,979.70","2,951.00","2,970.00","2,969.80","2,967.01","42,82,226","12,70,53,86,117.20","1,46,773","29,06,314","67.87"
"TCS","EQ","14-Oct-2025","3,007.20","3,021.00","3,027.20","2,955.50","2,960.00","2,960.30","2,976.34","36,11,416","10,74,87,94,587.50","1,83,673","21,06,071","58.32"
"TCS","EQ","13-Oct-2025","3,028.30","3,027.00","3,035.50","2,998.20","3,006.00","3,007.20","3,011.37","28,66,865","8,63,31,80,149.10","1,69,572","16,77,710","58.52"
"TCS","EQ","10-Oct-2025","3,061.70","3,050.00","3,070.00","3,006.90","3,028.00","3,028.30","3,032.16","88,17,365","26,73,56,29,672.60","2,44,153","45,24,359","51.31"
"TCS","EQ","09-Oct-2025","3,027.20","3,034.00","3,066.00","3,020.00","3,060.20","3,061.70","3,046.36","32,11,304","9,78,27,98,225.60","1,33,703","15,13,007","47.12"
"TCS","EQ","08-Oct-2025","2,973.70","2,975.00","3,043.00","2,968.00","3,031.50","3,027.20","3,024.78","41,21,889","12,46,78,11,108.50","1,54,336","22,90,062","55.56"
"TCS","EQ","07-Oct-2025","2,988.40","2,995.00","3,004.50","2,955.50","2,975.00","2,973.70","2,971.70","30,62,943","9,10,21,39,525.60","1,41,987","14,93,126","48.75"
"TCS","EQ","06-Oct-2025","2,901.90","2,902.00","2,993.60","2,895.60","2,988.00","2,988.40","2,959.88","21,12,774","6,25,35,56,716.30","1,00,920","8,76,175","41.47"
"TCS","EQ","03-Oct-2025","2,914.20","2,924.00","2,924.00","2,891.10","2,903.00","2,901.90","2,902.27","28,99,519","8,41,51,75,156.20","1,56,466","21,06,576","72.65"
"TCS","EQ","01-Oct-2025","2,888.40","2,891.00","2,924.80","2,866.60","2,915.10","2,914.20","2,897.26","19,52,902","5,65,80,70,903.00","1,24,217","9,53,174","48.81"
"TCS","EQ","30-Sep-2025","2,896.10","2,911.00","2,915.30","2,885.10","2,891.00","2,888.40","2,895.89","22,53,458","6,52,57,55,380.40","2,01,510","13,19,728","58.56"
"TCS","EQ","29-Sep-2025","2,899.10","2,916.00","2,929.30","2,894.00","2,904.30","2,896.10","2,904.37","31,10,035","9,03,26,90,025.70","1,79,197","21,20,974","68.20"
"TCS","EQ","26-Sep-2025","2,957.40","2,941.00","2,954.80","2,891.30","2,905.40","2,899.10","2,915.19","39,34,636","11,47,02,04,570.00","3,90,339","25,54,500","64.92"
"TCS","EQ","25-Sep-2025","3,035.40","3,022.00","3,029.60","2,951.00","2,958.00","2,957.40","2,977.56","49,74,361","14,81,14,52,426.90","4,18,858","34,33,593","69.03"
"TCS","EQ","24-Sep-2025","3,062.40","3,050.00","3,057.00","3,033.00","3,036.80","3,035.40","3,044.04","16,25,714","4,94,87,46,206.60","1,01,133","10,77,171","66.26"
"TCS","EQ","23-Sep-2025","3,073.80","3,070.00","3,080.70","3,052.00","3,065.00","3,062.40","3,063.85","31,77,741","9,73,61,21,756.20","1,41,198","16,80,183","52.87"
"TCS","EQ","22-Sep-2025","3,169.20","3,095.00","3,106.90","3,065.00","3,075.50","3,073.80","3,082.86","36,34,901","11,20,58,89,441.10","3,21,272","19,89,475","54.73"
"TCS","EQ","19-Sep-2025","3,176.70","3,170.00","3,180.50","3,144.00","3,171.00","3,169.20","3,163.36","49,01,694","15,50,58,26,514.10","1,09,280","36,74,528","74.96"
"TCS","EQ","18-Sep-2025","3,172.80","3,185.00","3,203.00","3,161.40","3,177.00","3,176.70","3,179.00","26,33,138","8,37,07,38,058.40","1,47,801","14,58,914","55.41"
"TCS","EQ","17-Sep-2025","3,145.70","3,152.00","3,182.40","3,142.40","3,175.00","3,172.80","3,170.19","24,18,271","7,66,63,88,043.20","1,00,973","16,47,994","68.15"
"TCS","EQ","16-Sep-2025","3,111.90","3,128.00","3,150.00","3,109.10","3,147.90","3,145.70","3,132.70","25,73,429","8,06,17,82,019.30","96,675","14,89,928","57.90"
"TCS","EQ","15-Sep-2025","3,133.40","3,134.00","3,134.00","3,096.00","3,112.50","3,111.90","3,108.20","17,32,539","5,38,50,83,002.30","1,45,801","12,23,812","70.64"
"TCS","EQ","12-Sep-2025","3,124.20","3,144.00","3,148.70","3,121.00","3,133.00","3,133.40","3,134.12","14,47,167","4,53,55,89,799.80","1,03,589","9,93,836","68.67"
"TCS","EQ","11-Sep-2025","3,110.00","3,139.00","3,139.00","3,110.10","3,125.20","3,124.20","3,121.51","22,63,446","7,06,53,62,076.90","1,26,730","11,77,834","52.04"
"TCS","EQ","10-Sep-2025","3,049.40","3,056.40","3,122.70","3,053.40","3,110.00","3,110.00","3,104.63","20,79,428","6,45,58,61,143.70","1,27,545","9,38,263","45.12"
"TCS","EQ","09-Sep-2025","3,019.00","3,032.10","3,060.00","3,030.80","3,052.00","3,049.40","3,048.62","24,89,301","7,58,89,29,067.90","1,64,479","10,49,895","42.18"
"TCS","EQ","08-Sep-2025","3,048.30","3,050.00","3,064.90","3,016.00","3,023.20","3,019.00","3,028.84","26,26,187","7,95,42,91,229.00","1,12,429","17,20,345","65.51"
"TCS","EQ","05-Sep-2025","3,095.70","3,097.10","3,103.40","3,028.60","3,048.00","3,048.30","3,052.10","28,02,055","8,55,21,62,278.60","2,03,461","14,65,593","52.30"
"TCS","EQ","04-Sep-2025","3,097.50","3,116.00","3,118.00","3,090.80","3,095.80","3,095.70","3,101.37","14,81,391","4,59,43,43,759.60","1,04,731","7,69,710","51.96"
"TCS","EQ","03-Sep-2025","3,111.50","3,129.90","3,141.90","3,088.00","3,100.00","3,097.50","3,102.69","17,99,774","5,58,41,47,665.60","1,06,698","10,25,073","56.96"
"TCS","EQ","02-Sep-2025","3,112.60","3,121.10","3,155.00","3,103.10","3,112.00","3,111.50","3,125.54","21,85,229","6,83,00,18,367.90","1,54,171","11,34,456","51.91"
"TCS","EQ","01-Sep-2025","3,084.70","3,090.00","3,131.10","3,090.00","3,111.00","3,112.60","3,118.12","12,46,862","3,88,78,60,373.50","85,857","4,95,607","39.75"
"TCS","EQ","29-Aug-2025","3,093.70","3,093.00","3,115.00","3,077.20","3,083.80","3,084.70","3,093.86","22,71,789","7,02,86,04,709.30","1,09,782","13,74,444","60.50"
"TCS","EQ","28-Aug-2025","3,157.20","3,145.00","3,146.50","3,086.50","3,098.00","3,093.70","3,110.39","31,16,051","9,69,21,21,881.30","2,04,600","17,52,435","56.24"
"TCS","EQ","26-Aug-2025","3,140.60","3,129.00","3,162.00","3,120.00","3,157.00","3,157.20","3,152.41","55,22,097","17,40,79,35,331.00","1,73,962","39,83,150","72.13"
"TCS","EQ","25-Aug-2025","3,054.00","3,087.30","3,152.00","3,077.10","3,142.10","3,140.60","3,133.79","34,48,370","10,80,64,64,376.70","2,00,973","17,96,383","52.09"
"TCS","EQ","22-Aug-2025","3,102.60","3,086.00","3,095.70","3,050.00","3,054.70","3,054.00","3,068.45","15,93,791","4,89,04,62,450.30","82,740","8,36,020","52.45"
"TCS","EQ","21-Aug-2025","3,098.60","3,130.00","3,130.00","3,083.10","3,100.00","3,102.60","3,107.84","32,30,726","10,04,05,86,025.70","1,19,697","20,28,606","62.79"
"TCS","EQ","20-Aug-2025","3,016.20","3,010.90","3,103.40","3,010.90","3,094.80","3,098.60","3,078.21","49,52,358","15,24,44,01,986.40","1,90,110","32,10,074","64.82"
"TCS","EQ","19-Aug-2025","3,011.20","3,011.20","3,025.00","3,011.10","3,018.00","3,016.20","3,016.58","26,50,784","7,99,62,91,836.90","1,19,303","20,72,920","78.20"
"TCS","EQ","18-Aug-2025","3,022.30","3,046.50","3,049.00","3,003.40","3,013.00","3,011.20","3,015.34","29,45,609","8,88,20,05,616.60","1,37,367","20,14,568","68.39"
"TCS","EQ","14-Aug-2025","3,036.20","3,034.00","3,055.90","3,019.10","3,022.50","3,022.30","3,032.52","33,42,174","10,13,52,12,616.40","1,94,661","22,90,360","68.53"
"TCS","EQ","13-Aug-2025","3,035.40","3,036.10","3,044.40","3,028.60","3,035.00","3,036.20","3,037.72","21,48,166","6,52,55,33,464.30","1,17,340","14,87,436","69.24"
"TCS","EQ","12-Aug-2025","3,040.80","3,041.00","3,096.40","3,026.90","3,039.80","3,035.40","3,057.38","33,58,232","10,26,73,95,734.80","1,65,565","20,92,242","62.30"
"TCS","EQ","11-Aug-2025","3,036.40","3,036.40","3,049.90","3,021.30","3,042.00","3,040.80","3,040.50","18,84,215","5,72,89,58,255.60","1,32,617","13,40,095","71.12"
"TCS","EQ","08-Aug-2025","3,047.00","3,048.10","3,059.80","3,025.00","3,031.90","3,036.40","3,043.58","27,62,140","8,40,68,05,181.00","1,19,961","19,11,858","69.22"
"TCS","EQ","07-Aug-2025","3,032.30","3,016.00","3,051.60","3,010.90","3,049.10","3,047.00","3,032.09","25,43,076","7,71,08,29,083.30","1,38,156","16,64,541","65.45"
"TCS","EQ","06-Aug-2025","3,063.90","3,063.00","3,066.80","3,026.00","3,031.60","3,032.30","3,037.10","14,87,081","4,51,64,12,670.50","1,09,992","10,06,545","67.69"
"TCS","EQ","05-Aug-2025","3,074.40","3,074.40","3,077.50","3,042.00","3,060.00","3,063.90","3,057.96","19,27,996","5,89,57,39,286.30","1,18,848","13,80,270","71.59"
"TCS","EQ","04-Aug-2025","3,003.00","3,009.10","3,079.40","2,991.60","3,078.70","3,074.40","3,046.24","25,19,252","7,67,42,44,863.50","1,54,005","17,75,012","70.46"
"TCS","EQ","01-Aug-2025","3,036.80","3,029.90","3,036.80","3,000.00","3,001.10","3,003.00","3,013.79","20,53,847","6,18,98,63,144.50","1,54,119","13,78,316","67.11"
"TCS","EQ","31-Jul-2025","3,053.60","3,041.70","3,059.80","3,015.00","3,033.20","3,036.80","3,034.36","29,68,371","9,00,71,05,954.30","1,99,367","18,43,385","62.10"
"TCS","EQ","30-Jul-2025","3,056.00","3,060.00","3,069.00","3,047.20","3,052.10","3,053.60","3,058.58","28,80,121","8,80,90,78,906.80","1,27,490","22,97,558","79.77"
"TCS","EQ","29-Jul-2025","3,079.30","3,060.00","3,074.00","3,041.20","3,057.00","3,056.00","3,056.04","47,85,312","14,62,40,90,930.70","2,47,039","37,01,660","77.35"
"TCS","EQ","28-Jul-2025","3,135.80","3,110.00","3,118.00","3,069.90","3,085.80","3,079.30","3,092.56","33,74,473","10,43,57,52,450.00","2,73,133","22,28,745","66.05"
"TCS","EQ","25-Jul-2025","3,148.00","3,140.00","3,156.90","3,125.60","3,140.00","3,135.80","3,140.77","25,68,917","8,06,83,75,805.90","1,05,704","18,65,883","72.63"
"TCS","EQ","24-Jul-2025","3,179.10","3,165.10","3,173.70","3,140.00","3,144.90","3,148.00","3,155.37","29,34,778","9,26,03,12,011.30","1,02,612","20,78,166","70.81"
"TCS","EQ","23-Jul-2025","3,159.60","3,159.60","3,182.00","3,157.60","3,175.00","3,179.10","3,169.59","19,22,875","6,09,47,30,938.80","96,628","14,44,368","75.12"
"TCS","EQ","22-Jul-2025","3,158.20","3,159.60","3,180.10","3,154.60","3,164.70","3,159.60","3,163.54","31,98,036","10,11,71,07,299.10","1,38,279","23,68,727","74.07"
"TCS","EQ","21-Jul-2025","3,189.90","3,190.00","3,197.60","3,152.00","3,158.90","3,158.20","3,162.44","38,44,346","12,15,75,19,336.90","1,95,683","30,15,136","78.43"
"TCS","EQ","18-Jul-2025","3,209.20","3,225.00","3,228.80","3,187.00","3,189.60","3,189.90","3,201.13","34,32,645","10,98,83,48,160.40","1,95,464","26,99,991","78.66"
"TCS","EQ","17-Jul-2025","3,233.10","3,224.10","3,242.00","3,204.10","3,207.70","3,209.20","3,220.48","29,47,640","9,49,28,07,475.50","1,57,207","18,67,207","63.35"
"TCS","EQ","16-Jul-2025","3,252.30","3,227.00","3,244.90","3,220.60","3,230.90","3,233.10","3,235.91","25,40,733","8,22,15,86,412.60","1,72,998","18,36,366","72.28"
"TCS","EQ","15-Jul-2025","3,222.70","3,206.00","3,259.40","3,206.00","3,252.00","3,252.30","3,243.32","25,90,889","8,40,30,81,368.10","1,71,257","17,62,338","68.02"
"TCS","EQ","14-Jul-2025","3,266.00","3,266.00","3,272.00","3,200.00","3,227.50","3,222.70","3,224.72","39,24,009","12,65,38,11,861.80","3,96,894","27,60,493","70.35"
"TCS","EQ","11-Jul-2025","3,382.00","3,299.90","3,335.00","3,261.10","3,264.50","3,266.00","3,295.45","76,35,550","25,16,25,51,686.40","5,52,284","50,62,574","66.30"
"TCS","EQ","10-Jul-2025","3,383.80","3,380.00","3,399.00","3,356.00","3,395.00","3,382.00","3,379.02","30,35,012","10,25,53,61,029.90","1,76,792","17,19,068","56.64"
"TCS","EQ","09-Jul-2025","3,406.20","3,410.00","3,414.00","3,367.00","3,386.00","3,383.80","3,387.16","20,34,938","6,89,26,61,354.30","1,91,376","12,79,329","62.87"
"TCS","EQ","08-Jul-2025","3,411.70","3,405.00","3,425.00","3,393.40","3,406.00","3,406.20","3,407.01","23,25,242","7,92,21,16,743.70","1,78,045","16,61,198","71.44"
"TCS","EQ","07-Jul-2025","3,419.80","3,418.30","3,426.10","3,408.40","3,410.60","3,411.70","3,417.70","16,39,174","5,60,22,06,127.80","73,810","11,18,374","68.23"
"TCS","EQ","04-Jul-2025","3,400.80","3,408.00","3,427.00","3,390.10","3,420.00","3,419.80","3,413.91","11,09,320","3,78,71,17,009.90","87,593","6,44,036","58.06"
"TCS","EQ","03-Jul-2025","3,423.30","3,430.00","3,435.30","3,397.60","3,400.00","3,400.80","3,414.55","25,31,870","8,64,52,07,975.40","1,31,370","18,19,603","71.87"
"TCS","EQ","02-Jul-2025","3,429.70","3,487.20","3,489.90","3,420.00","3,423.50","3,423.30","3,445.44","30,90,585","10,64,84,36,048.10","1,11,947","17,16,364","55.54"
"TCS","EQ","01-Jul-2025","3,462.00","3,455.00","3,485.00","3,413.50","3,430.00","3,429.70","3,439.04","23,75,183","8,16,83,54,151.00","1,25,874","13,76,618","57.96"
"TCS","EQ","30-Jun-2025","3,441.10","3,439.90","3,464.90","3,430.00","3,460.00","3,462.00","3,452.05","14,68,351","5,06,88,27,379.20","1,30,938","9,52,875","64.89"
"TCS","EQ","27-Jun-2025","3,441.80","3,455.00","3,466.40","3,431.00","3,445.00","3,441.10","3,445.16","17,78,433","6,12,69,78,962.50","1,22,369","11,39,101","64.05"
"TCS","EQ","26-Jun-2025","3,444.80","3,444.80","3,451.40","3,415.30","3,443.00","3,441.80","3,437.70","28,79,106","9,89,75,01,153.90","1,43,687","17,17,081","59.64"
"TCS","EQ","25-Jun-2025","3,390.40","3,407.30","3,450.00","3,400.00","3,443.00","3,444.80","3,422.33","17,57,699","6,01,54,21,913.00","1,01,280","10,44,025","59.40"